,date,stock_amount,cash,profit
0,2018-09-14,96603.2,2825.4000000000015,99428.6
1,2018-09-15,98052.35,1493.3600000000024,99545.71
2,2018-09-18,97267.93,1493.3600000000024,98761.29
3,2018-09-19,97358.78,1934.3600000000006,99293.14
4,2018-09-20,97987.72,1311.4000000000015,99299.12
5,2018-09-21,99230.33,1177.9000000000015,100408.23000000001
6,2018-09-22,99029.89,999.0700000000015,100028.96
7,2018-09-26,98840.89,1543.3900000000049,100384.28
8,2018-09-27,98981.62,773.7900000000045,99755.41
9,2018-09-28,99344.39,825.7000000000044,100170.09
10,2018-09-29,99190.03,808.890000000003,99998.92
11,2018-10-09,96115.12,1448.4200000000037,97563.54
12,2018-10-10,95542.88,1774.4900000000089,97317.37000000001
13,2018-10-11,92991.3,1774.4900000000089,94765.79000000001
14,2018-10-12,94738.72,815.7600000000057,95554.48000000001
15,2018-10-13,94004.06,1450.4900000000052,95454.55
16,2018-10-16,93876.41,1115.9100000000035,94992.32
17,2018-10-17,94097.3,632.6100000000042,94729.91
18,2018-10-18,93043.47,800.2100000000064,93843.68000000001
19,2018-10-19,94525.04,761.2100000000064,95286.25
20,2018-10-20,94795.04,505.8300000000054,95300.87
21,2018-10-23,95578.43,1026.5300000000043,96604.95999999999
22,2018-10-24,95805.87,1217.430000000004,97023.3
23,2018-10-25,96325.32,884.4300000000039,97209.75000000001
24,2018-10-26,96319.62,826.3600000000042,97145.98
25,2018-10-27,96754.4,470.1600000000035,97224.56
26,2018-10-30,96645.28,452.3600000000042,97097.64
27,2018-10-31,96926.99,622.1600000000035,97549.15000000001
28,2018-11-01,97602.69,489.3600000000042,98092.05
29,2018-11-02,99656.5,38.67000000000371,99695.17
30,2018-11-03,98982.33,684.9600000000028,99667.29000000001
31,2018-11-06,97025.06,1676.760000000002,98701.82
32,2018-11-07,97824.06,803.6600000000035,98627.72
33,2018-11-08,97307.8,1257.5600000000031,98565.36
34,2018-11-09,95932.97,1257.5600000000031,97190.53
35,2018-11-10,95932.97,1257.5600000000031,97190.53
36,2018-11-13,97194.15,1439.560000000005,98633.70999999999
37,2018-11-14,97627.49,1270.2600000000039,98897.75000000001
38,2018-11-15,98705.11,1455.050000000003,100160.16
39,2018-11-16,100814.37,335.470000000003,101149.84
40,2018-11-17,99654.2,1245.8500000000022,100900.05
41,2018-11-20,99238.18,220.85000000000218,99459.03
42,2018-11-21,98628.05,1107.050000000003,99735.1
43,2018-11-22,99482.86,111.85000000000218,99594.71
44,2018-11-23,98170.34,27.950000000002547,98198.29
45,2018-11-24,97175.09,1047.650000000005,98222.74
46,2018-11-27,97392.87,917.8900000000049,98310.76
47,2018-11-28,98697.59,111.89000000000487,98809.48
48,2018-11-29,96787.38,946.690000000006,97734.07
49,2018-11-30,97100.38,918.690000000006,98019.07
50,2018-12-01,97634.64,347.19000000000597,97981.83
51,2018-12-04,99281.29,595.0900000000038,99876.38
52,2018-12-05,99161.59,555.9900000000034,99717.58
53,2018-12-06,98621.0,541.8100000000031,99162.81
54,2018-12-07,97128.17,1600.470000000003,98728.64
55,2018-12-08,97352.48,1412.670000000002,98765.15
56,2018-12-11,97774.77,95.27000000000226,97870.04000000001
57,2018-12-12,96768.92,1154.770000000004,97923.69
58,2018-12-13,97043.0,1510.470000000003,98553.47
59,2018-12-14,96907.01,934.3700000000026,97841.38
60,2018-12-15,97201.18,680.310000000005,97881.48999999999
61,2018-12-18,96725.9,822.310000000005,97548.20999999999
62,2018-12-19,96565.18,780.0100000000057,97345.19
63,2018-12-20,95247.15,2042.700000000008,97289.85
64,2018-12-21,95806.69,1057.4000000000087,96864.09000000001
65,2018-12-22,95968.98,1053.4000000000087,97022.38
66,2018-12-25,96171.78,713.700000000008,96885.48000000001
67,2018-12-26,95427.68,636.9000000000087,96064.58
68,2018-12-27,94742.56,1067.200000000008,95809.76000000001
69,2018-12-28,94645.25,757.5000000000073,95402.75
70,2018-12-29,94893.05,558.5000000000073,95451.55000000002
71,2019-01-03,94169.6,722.1000000000076,94891.70000000001
72,2019-01-04,94887.55,1229.88000000001,96117.43000000001
73,2019-01-05,95043.24,1102.7300000000087,96145.97000000002
74,2019-01-08,97006.08,931.7300000000087,97937.81000000001
75,2019-01-09,99324.88,80.43000000000939,99405.31000000001
76,2019-01-10,98255.24,1188.9300000000076,99444.17000000001
77,2019-01-11,98359.62,1840.1300000000083,100199.75
78,2019-01-12,99015.66,1359.9300000000076,100375.59000000001
79,2019-01-15,99131.1,1607.330000000009,100738.43000000002
80,2019-01-16,99043.25,1464.7100000000082,100507.96
81,2019-01-17,98947.7,1541.4100000000071,100489.11
82,2019-01-18,99229.24,1632.3100000000086,100861.55000000002
83,2019-01-19,99427.64,1402.7100000000082,100830.35
84,2019-01-22,99198.91,547.4100000000071,99746.32
85,2019-01-23,99554.81,187.41000000000713,99742.22
86,2019-01-24,99296.02,947.700000000008,100243.72000000002
87,2019-01-25,98648.25,1168.900000000007,99817.15000000001
88,2019-01-26,98780.96,405.80000000000655,99186.76000000001
89,2019-01-29,95266.79,2060.9700000000103,97327.76000000001
90,2019-01-30,95787.59,1520.1100000000115,97307.70000000001
91,2019-01-31,96927.64,385.1100000000115,97312.75000000001
92,2019-02-01,97475.18,1299.9000000000106,98775.08
93,2019-02-02,97459.3,1141.2000000000062,98600.50000000001
94,2019-02-12,96551.74,3335.9500000000025,99887.69
95,2019-02-13,102030.67,375.95000000000255,102406.62
96,2019-02-14,101459.91,1177.1500000000033,102637.06000000001
97,2019-02-15,101074.18,481.0500000000029,101555.23
98,2019-02-16,99885.42,1556.7900000000045,101442.21
99,2019-02-19,103438.82,239.39000000000487,103678.21
100,2019-02-20,103206.66,2574.090000000011,105780.75000000001
101,2019-02-21,105216.62,988.5100000000093,106205.13
102,2019-02-22,108053.56,911.4000000000087,108964.96
103,2019-02-23,106701.34,938.6800000000112,107640.02
104,2019-02-26,109787.9,1324.1400000000122,111112.04000000001
105,2019-02-27,108286.11,1236.9400000000114,109523.05000000002
106,2019-02-28,108565.52,1329.6400000000122,109895.16000000002
107,2019-03-01,109115.87,1763.840000000011,110879.71
108,2019-03-02,110357.66,586.8400000000111,110944.50000000001
109,2019-03-05,111474.37,3325.7400000000107,114800.11
110,2019-03-06,117517.07,1456.9400000000096,118974.01000000001
111,2019-03-07,116836.14,3555.440000000008,120391.58
112,2019-03-08,112201.79,2568.000000000011,114769.79000000001
113,2019-03-09,112138.83,5585.1500000000015,117723.98000000001
114,2019-03-12,124195.7,3320.1200000000026,127515.82
115,2019-03-13,121421.53,1735.2200000000048,123156.75
116,2019-03-14,116432.35,2438.8299999999945,118871.18
117,2019-03-15,118283.2,4657.62999999999,122940.82999999999
118,2019-03-16,120252.5,803.5299999999897,121056.02999999998
119,2019-03-19,121925.25,3262.12999999999,125187.37999999999
120,2019-03-20,120952.93,2725.439999999988,123678.36999999998
121,2019-03-21,125830.57,385.4399999999878,126216.01
122,2019-03-22,124398.38,981.7199999999884,125380.09999999999
123,2019-03-23,122086.58,4106.429999999991,126193.01
124,2019-03-26,119759.71,1843.1499999999905,121602.86
125,2019-03-27,118848.33,4678.8599999999915,123527.18999999999
126,2019-03-28,120322.96,2958.8799999999937,123281.84
127,2019-03-29,123648.29,2660.289999999988,126308.57999999999
128,2019-03-30,123834.17,1341.2899999999881,125175.45999999999
129,2019-04-02,124953.52,5306.739999999991,130260.26
130,2019-04-03,130254.52,2257.4699999999957,132511.99
131,2019-04-04,132595.57,1419.2699999999968,134014.84
132,2019-04-05,129737.57,2419.9299999999967,132157.5
133,2019-04-09,125585.49,3423.760000000002,129009.25
134,2019-04-10,127144.5,2054.1600000000053,129198.66
135,2019-04-11,125517.83,2585.480000000003,128103.31
136,2019-04-12,124669.93,4547.880000000008,129217.81
137,2019-04-13,126743.47,1696.2300000000087,128439.70000000001
138,2019-04-16,127128.71,3519.1700000000055,130647.88
139,2019-04-17,124937.14,5948.959999999992,130886.09999999999
140,2019-04-18,126225.75,3285.12999999999,129510.87999999999
141,2019-04-19,128499.97,1888.3099999999904,130388.28
142,2019-04-20,127743.02,2122.639999999992,129865.66
143,2019-04-23,128437.2,2826.309999999994,131263.50999999998
144,2019-04-24,131114.39,2000.1699999999946,133114.56
145,2019-04-25,125017.66,3401.8699999999953,128419.53
146,2019-04-26,124035.39,3753.1900000000005,127788.58
147,2019-04-27,126587.74,2279.379999999999,128867.12000000001
148,2019-04-30,121048.47,3358.1599999999944,124406.62999999999
149,2019-05-01,124056.59,1829.1799999999967,125885.76999999999
150,2019-05-07,119060.08,837.2099999999973,119897.29
151,2019-05-08,118103.48,1012.2599999999966,119115.73999999999
152,2019-05-09,117065.65,949.0599999999959,118014.70999999999
153,2019-05-10,120379.88,2152.7099999999955,122532.59
154,2019-05-11,122837.11,96.57999999999447,122933.69
155,2019-05-14,122568.5,547.0799999999945,123115.57999999999
156,2019-05-15,125024.85,805.3299999999945,125830.18
157,2019-05-16,125156.44,830.0299999999952,125986.47
158,2019-05-17,121208.07,1146.0299999999952,122354.1
159,2019-05-18,122224.07,1101.5199999999968,123325.59
160,2019-05-21,123726.41,566.5199999999968,124292.93
161,2019-05-22,121566.4,2344.0200000000004,123910.42
162,2019-05-23,117400.75,2344.0200000000004,119744.77
163,2019-05-24,117131.13,1188.92,118320.05
164,2019-05-25,116650.13,885.3099999999995,117535.44
165,2019-05-28,121701.11,201.42999999999665,121902.54
166,2019-05-29,121197.08,579.3299999999963,121776.41
167,2019-05-30,119499.21,1563.399999999996,121062.61
168,2019-05-31,119376.6,979.399999999996,120356.0
169,2019-06-01,119287.69,1307.8299999999963,120595.52
170,2019-06-04,115669.31,1521.0099999999948,117190.31999999999
171,2019-06-05,116015.74,479.7299999999941,116495.47
172,2019-06-06,113862.72,1017.5299999999952,114880.25
173,2019-06-07,114250.57,1289.029999999997,115539.6
174,2019-06-11,121188.75,436.93999999999687,121625.69
175,2019-06-12,120134.46,646.9399999999969,120781.40000000001
176,2019-06-13,119299.16,1247.6099999999951,120546.77
177,2019-06-14,117901.2,883.5299999999952,118784.73
178,2019-06-15,117941.02,714.1199999999953,118655.14
179,2019-06-18,117842.44,862.5699999999961,118705.01
180,2019-06-19,118578.9,1111.4699999999957,119690.37
181,2019-06-20,121488.99,1427.1699999999946,122916.16
182,2019-06-21,123384.95,1036.3299999999945,124421.28
183,2019-06-22,122711.92,994.1199999999935,123706.04
184,2019-06-25,122283.08,859.6999999999935,123142.78
185,2019-06-26,121892.69,1625.5099999999984,123518.2
186,2019-06-27,122420.13,2123.1899999999987,124543.32
187,2019-06-28,122222.81,4065.880000000001,126288.69
188,2019-06-29,124208.54,152.88000000000102,124361.42
189,2019-07-02,127157.89,863.880000000001,128021.77
190,2019-07-03,123214.81,2292.850000000002,125507.66
191,2019-07-04,124229.25,703.470000000003,124932.72
192,2019-07-05,125818.94,186.12000000000262,126005.06
193,2019-07-06,125260.55,965.1200000000026,126225.67000000001
194,2019-07-09,122617.31,1246.1200000000026,123863.43
195,2019-07-10,121040.94,1186.880000000001,122227.82
196,2019-07-11,119032.81,2391.59,121424.4
197,2019-07-12,121108.69,1151.4899999999998,122260.18000000001
198,2019-07-13,120930.78,1128.8899999999994,122059.67
199,2019-07-16,121521.42,927.4300000000003,122448.85
200,2019-07-17,122058.3,927.4300000000003,122985.73000000001
201,2019-07-18,119228.92,2256.670000000002,121485.59
202,2019-07-19,119337.84,2479.569999999996,121817.40999999999
203,2019-07-20,120749.57,1207.069999999996,121956.64
204,2019-07-23,118393.05,1133.2699999999968,119526.32
205,2019-07-24,120196.35,750.2699999999968,120946.62
206,2019-07-25,121608.06,1481.9699999999975,123090.03
207,2019-07-26,120239.97,3760.0699999999997,124000.04000000001
208,2019-07-27,122910.75,1852.67,124763.42
209,2019-07-30,125924.33,549.7799999999988,126474.11
210,2019-07-31,126900.09,318.3799999999992,127218.47
211,2019-08-01,125630.7,1568.079999999998,127198.78
212,2019-08-02,122120.76,2382.5099999999984,124503.26999999999
213,2019-08-03,124190.93,714.5099999999984,124905.43999999999
214,2019-08-06,120834.45,846.3999999999978,121680.84999999999
215,2019-08-07,121846.42,682.659999999998,122529.08
216,2019-08-08,122597.37,1562.4599999999955,124159.82999999999
217,2019-08-09,122421.08,1562.4599999999955,123983.54
218,2019-08-10,123492.19,1256.4599999999955,124748.65
219,2019-08-13,127528.94,222.4599999999955,127751.4
220,2019-08-14,127147.65,26.559999999995853,127174.20999999999
221,2019-08-15,127227.81,595.5599999999977,127823.37
222,2019-08-16,127151.37,1349.5599999999977,128500.93
223,2019-08-17,126905.23,1459.3599999999988,128364.59
224,2019-08-20,128270.61,139.35999999999876,128409.97
225,2019-08-21,131527.86,139.35999999999876,131667.21999999997
226,2019-08-22,131558.42,243.45999999999913,131801.88
227,2019-08-23,131203.95,1637.0099999999984,132840.96000000002
228,2019-08-24,131203.95,1637.0099999999984,132840.96000000002
229,2019-08-27,134597.27,2250.6099999999988,136847.87999999998
230,2019-08-28,135664.35,1654.8799999999974,137319.23
231,2019-08-29,135650.81,706.489999999998,136357.3
232,2019-08-30,132278.53,1547.949999999997,133826.47999999998
233,2019-08-31,133443.67,1147.0200000000004,134590.69
234,2019-09-03,135486.73,875.0200000000004,136361.75
235,2019-09-04,137120.99,450.22000000000116,137571.21
236,2019-09-05,134966.55,3672.1900000000023,138638.74
237,2019-09-06,138523.68,3672.1900000000023,142195.87
238,2019-09-07,139565.23,1000.7900000000027,140566.02000000002
239,2019-09-10,143242.67,1083.390000000003,144326.06000000003
240,2019-09-11,140828.52,1795.6199999999972,142624.13999999998
241,2019-09-12,141688.75,2531.6200000000026,144220.37
242,2019-09-13,140382.83,1105.380000000001,141488.21
243,2019-09-17,138845.81,365.90000000000146,139211.71
244,2019-09-18,137000.15,1646.4000000000015,138646.55
245,2019-09-19,138791.69,570.2800000000007,139361.97
246,2019-09-20,137190.95,1908.1899999999987,139099.14
247,2019-09-21,138533.94,903.8899999999994,139437.83000000002
248,2019-09-24,136650.31,523.0,137173.31
249,2019-09-25,133257.33,1649.9599999999991,134907.28999999998
250,2019-09-26,129294.08,1471.2599999999984,130765.34
251,2019-09-27,128022.23,2279.359999999997,130301.59
252,2019-09-28,130758.55,1505.7299999999977,132264.28
253,2019-10-01,131925.55,375.1299999999974,132300.68
254,2019-10-09,131275.7,547.6299999999974,131823.33000000002
255,2019-10-10,132108.86,2022.329999999998,134131.18999999997
256,2019-10-11,134289.88,1790.430000000002,136080.31
257,2019-10-12,137027.25,946.4800000000014,137973.73
258,2019-10-15,138518.44,386.78000000000065,138905.22
259,2019-10-16,138303.79,1209.4900000000016,139513.28
260,2019-10-17,137320.34,2375.290000000001,139695.63
261,2019-10-18,137289.44,1621.8899999999994,138911.33000000002
262,2019-10-19,136324.08,2500.390000000003,138824.47
263,2019-10-22,138746.71,66.39000000000306,138813.1
264,2019-10-23,135725.34,1969.890000000003,137695.23
265,2019-10-24,135386.3,2374.0199999999986,137760.31999999998
266,2019-10-25,138244.96,2406.909999999996,140651.87
267,2019-10-26,139642.96,902.9099999999962,140545.87
268,2019-10-29,142498.92,1007.7899999999954,143506.71000000002
269,2019-10-30,140645.0,920.6599999999944,141565.66
270,2019-10-31,136112.15,3004.09,139116.24
271,2019-11-01,141623.07,536.2299999999996,142159.30000000002
272,2019-11-02,141431.72,760.0900000000001,142191.81
273,2019-11-05,145174.08,572.2899999999972,145746.37
274,2019-11-06,142660.4,2925.119999999997,145585.52
275,2019-11-07,147139.11,1160.2199999999975,148299.33
276,2019-11-08,145999.8,2426.5699999999997,148426.37
277,2019-11-09,146534.02,2192.0699999999997,148726.09
278,2019-11-12,146628.42,100.06999999999971,146728.49000000002
279,2019-11-13,144679.58,1339.9699999999993,146019.55
280,2019-11-14,147483.14,451.85000000000036,147934.99000000002
281,2019-11-15,145504.26,1154.5900000000001,146658.85
282,2019-11-16,145504.26,1154.5900000000001,146658.85
283,2019-11-19,146289.44,1852.9900000000034,148142.43
284,2019-11-20,145479.4,2120.590000000004,147599.99
285,2019-11-21,146665.92,1073.0600000000013,147738.98
286,2019-11-22,144139.2,2218.050000000003,146357.25
287,2019-11-23,146269.34,753.8700000000026,147023.21
288,2019-11-26,145206.15,543.5700000000015,145749.72
289,2019-11-27,144600.34,899.8500000000022,145500.19
290,2019-11-28,144113.9,1235.9900000000016,145349.88999999998
291,2019-11-29,142806.62,1286.9400000000041,144093.56
292,2019-11-30,143963.73,909.3400000000056,144873.07
293,2019-12-03,143648.28,909.3400000000056,144557.62
294,2019-12-04,144494.26,312.1400000000049,144806.40000000002
295,2019-12-05,145548.69,1481.6400000000067,147030.33000000002
296,2019-12-06,145839.48,1873.1800000000094,147712.66000000003
297,2019-12-07,145774.9,1133.7200000000103,146908.62
298,2019-12-10,149469.06,1643.8400000000092,151112.9
299,2019-12-11,152138.27,322.2400000000089,152460.51
300,2019-12-12,148867.87,2757.4600000000064,151625.33000000002
301,2019-12-13,151784.54,1439.420000000002,153223.96000000002
302,2019-12-14,150015.78,2614.8500000000004,152630.63
303,2019-12-17,155613.19,2318.9199999999983,157932.11
304,2019-12-18,157081.25,2822.529999999997,159903.78
305,2019-12-19,158936.74,1629.0499999999956,160565.78999999998
306,2019-12-20,160138.9,1878.2699999999968,162017.16999999998
307,2019-12-21,159635.88,1436.2699999999968,161072.15
308,2019-12-24,161064.19,2486.620000000001,163550.81
309,2019-12-25,162283.32,1552.270000000004,163835.59000000003
310,2019-12-26,164840.75,1550.9000000000087,166391.65000000002
311,2019-12-27,163675.09,199.3600000000115,163874.45
312,2019-12-28,161868.48,958.3600000000115,162826.84000000003
313,2019-12-31,161400.04,2603.140000000014,164003.18000000002
314,2020-01-01,160921.58,2166.460000000012,163088.04
315,2020-01-03,169158.71,1513.020000000015,170671.73
316,2020-01-04,170424.59,407.5400000000154,170832.13
317,2020-01-07,176088.75,1524.4400000000132,177613.19
318,2020-01-08,173731.26,4024.5800000000163,177755.84000000003
319,2020-01-09,179152.57,2042.340000000011,181194.91000000003
320,2020-01-10,179997.57,2791.940000000006,182789.51
321,2020-01-11,179552.44,3930.7800000000134,183483.22000000003
322,2020-01-14,183365.67,2494.9600000000064,185860.63
323,2020-01-15,179496.74,4592.719999999994,184089.46
324,2020-01-16,181485.03,3780.279999999999,185265.31
325,2020-01-17,179097.72,4484.709999999992,183582.43
326,2020-01-18,178366.95,5309.679999999993,183676.63
327,2020-01-21,185245.17,3223.679999999993,188468.85
328,2020-01-22,183854.56,5546.940000000002,189401.5
329,2020-01-23,180414.68,3813.4400000000023,184228.12
330,2020-01-24,180148.9,6402.1600000000035,186551.06
331,2020-02-04,182955.98,4343.250000000015,187299.23000000004
332,2020-02-05,198883.98,2036.4500000000116,200920.43000000002
333,2020-02-06,204763.83,3231.4700000000084,207995.3
334,2020-02-07,195452.01,4027.920000000013,199479.93000000002
335,2020-02-08,193701.31,5792.980000000014,199494.29
336,2020-02-11,198403.91,937.1200000000099,199341.03000000003
337,2020-02-12,201979.2,1926.4900000000125,203905.69000000003
338,2020-02-13,198516.11,2718.590000000011,201234.7
339,2020-02-14,197027.92,1821.1500000000087,198849.07
340,2020-02-15,197751.83,2809.1500000000087,200560.97999999998
341,2020-02-18,212468.62,2079.1500000000087,214547.77000000002
342,2020-02-19,213358.89,1712.1500000000087,215071.04000000004
343,2020-02-20,214159.03,3220.8399999999965,217379.87
344,2020-02-21,223384.28,2119.09,225503.37
345,2020-02-22,215003.61,4681.290000000012,219684.9
346,2020-02-25,219009.06,5653.610000000008,224662.67
347,2020-02-26,208646.55,6801.510000000024,215448.06
348,2020-02-27,208453.54,6429.920000000016,214883.46000000002
349,2020-02-28,207884.36,3951.120000000021,211835.48
350,2020-02-29,204795.41,5553.820000000014,210349.23
351,2020-03-03,216561.04,4564.020000000015,221125.06000000003
352,2020-03-04,216776.04,2597.1600000000217,219373.20000000004
353,2020-03-05,213961.0,6522.180000000033,220483.18000000002
354,2020-03-06,217437.62,2782.830000000027,220220.45
355,2020-03-07,220922.19,1925.340000000022,222847.53000000003
356,2020-03-10,214565.22,2907.240000000027,217472.46000000002
357,2020-03-11,217095.61,4402.570000000029,221498.18000000002
358,2020-03-12,216510.0,4000.050000000032,220510.05000000005
359,2020-03-13,214284.0,2734.6500000000415,217018.65000000005
360,2020-03-14,220080.59,3487.9200000000383,223568.51000000004
361,2020-03-17,218501.55,3510.2200000000303,222011.77000000002
362,2020-03-18,223432.91,2449.100000000013,225882.01
363,2020-03-19,229317.83,616.5000000000146,229934.33000000002
364,2020-03-20,236771.93,2099.9000000000087,238871.83000000002
365,2020-03-21,239168.91,658.3100000000086,239827.22
366,2020-03-24,232780.58,3209.0100000000093,235989.59
367,2020-03-25,240293.37,829.0100000000093,241122.38
368,2020-03-26,241160.7,1426.7100000000137,242587.41000000003
369,2020-03-27,244623.91,1426.7100000000137,246050.62000000002
370,2020-03-28,241280.35,286.9100000000144,241567.26
371,2020-03-31,237165.62,456.9100000000144,237622.53
372,2020-04-01,234378.76,2542.110000000008,236920.87000000002
373,2020-04-02,237324.24,1967.9000000000087,239292.14
374,2020-04-03,237236.93,1960.3000000000102,239197.23
375,2020-04-04,237733.18,1092.6000000000095,238825.78
376,2020-04-08,247389.62,335.1000000000131,247724.72
377,2020-04-09,250965.16,1162.3000000000138,252127.46000000002
378,2020-04-10,247057.5,1981.340000000011,249038.84000000003
379,2020-04-11,247057.5,1981.340000000011,249038.84000000003
380,2020-04-14,249488.49,1981.340000000011,251469.83000000002
381,2020-04-15,251482.51,2861.340000000011,254343.85000000003
382,2020-04-16,262850.25,1847.9000000000087,264698.15
383,2020-04-17,262276.69,1472.1000000000058,263748.79000000004
384,2020-04-18,264241.33,807.2000000000044,265048.53
385,2020-04-21,271783.94,7.200000000004366,271791.14
386,2020-04-22,284035.19,678.4500000000007,284713.64
387,2020-04-23,282941.97,1296.8199999999997,284238.79
388,2020-04-24,277874.65,1433.8099999999977,279308.46
389,2020-04-25,278954.93,1361.8299999999945,280316.76
390,2020-04-28,278806.49,1613.8299999999945,280420.32
391,2020-04-29,276278.11,1609.729999999996,277887.83999999997
392,2020-04-30,277768.28,308.929999999993,278077.21
393,2020-05-01,277545.42,1575.729999999996,279121.14999999997
394,2020-05-07,279372.02,1686.4299999999967,281058.45
395,2020-05-08,279601.84,1853.729999999996,281455.57
396,2020-05-09,280511.81,760.9299999999967,281272.74
397,2020-05-12,281053.33,2536.1100000000006,283589.44
398,2020-05-13,285936.77,2376.020000000004,288312.79000000004
399,2020-05-14,279867.32,2134.220000000001,282001.54000000004
400,2020-05-15,283923.53,433.8199999999997,284357.35000000003
401,2020-05-16,282877.37,1141.8199999999997,284019.19
402,2020-05-19,286666.65,2987.1800000000003,289653.83
403,2020-05-20,283757.96,1173.5800000000017,284931.54000000004
404,2020-05-21,279423.09,1503.199999999997,280926.29000000004
405,2020-05-22,269780.88,4897.02,274677.9
406,2020-05-23,275467.37,2865.0999999999985,278332.47
407,2020-05-26,280212.21,2090.100000000002,282302.31
408,2020-05-27,278164.78,2143.3000000000065,280308.08
409,2020-05-28,276706.64,5723.100000000002,282429.74
410,2020-05-29,289637.89,983.7700000000223,290621.66000000003
411,2020-05-30,286865.87,2188.430000000004,289054.3
412,2020-06-02,301352.93,1592.4300000000076,302945.36
413,2020-06-03,302732.44,1065.9300000000076,303798.37
414,2020-06-04,304390.35,2437.029999999999,306827.38
415,2020-06-05,310815.75,2437.029999999999,313252.78
416,2020-06-06,310815.75,2437.029999999999,313252.78
417,2020-06-09,318134.39,1746.9300000000003,319881.32
418,2020-06-10,322156.82,2221.7299999999923,324378.55
419,2020-06-11,322963.71,555.5399999999936,323519.25
420,2020-06-12,320355.82,135.5399999999936,320491.36
421,2020-06-13,314313.79,925.2700000000004,315239.06
422,2020-06-16,319001.46,1608.4700000000012,320609.93000000005
423,2020-06-17,324304.97,696.869999999999,325001.83999999997
424,2020-06-18,318105.49,1217.869999999999,319323.36
425,2020-06-19,320915.01,2113.329999999998,323028.34
426,2020-06-20,321808.85,2109.7299999999996,323918.57999999996
427,2020-06-23,322978.46,1589.5299999999988,324567.99
428,2020-06-24,323783.84,2332.810000000005,326116.65
429,2020-06-25,325758.69,2117.2499999999927,327875.94
430,2020-06-30,327834.15,2717.8199999999706,330551.97
431,2020-07-01,328740.86,1773.1599999999817,330514.01999999996
432,2020-07-02,329693.63,4345.499999999996,334039.13
433,2020-07-03,333414.3,4260.399999999994,337674.69999999995
434,2020-07-04,336401.73,1728.3999999999942,338130.13
435,2020-07-07,373742.28,1918.1599999999744,375660.44
436,2020-07-08,380332.29,4513.379999999976,384845.6699999999
437,2020-07-09,392673.41,2015.979999999974,394689.38999999996
438,2020-07-10,387264.46,5490.879999999976,392755.33999999997
439,2020-07-11,388528.49,5752.019999999997,394280.51
440,2020-07-14,394202.9,6394.469999999972,400597.37
441,2020-07-15,395399.6,4650.289999999979,400049.88999999996
442,2020-07-16,370893.87,4139.0099999999875,375032.88
443,2020-07-17,365140.63,6053.009999999995,371193.64
444,2020-07-18,373891.44,5047.390000000014,378938.83
445,2020-07-21,386368.24,5490.220000000001,391858.45999999996
446,2020-07-22,394750.95,4753.669999999991,399504.62
447,2020-07-23,398237.87,2301.6699999999837,400539.54
448,2020-07-24,378416.37,2459.4199999999837,380875.79
449,2020-07-25,381606.05,3680.259999999973,385286.30999999994
450,2020-07-28,388826.26,2682.9199999999837,391509.18
451,2020-07-29,392926.58,2284.9599999999627,395211.54
452,2020-07-30,395151.83,1616.1699999999546,396768.0
453,2020-07-31,403086.49,3446.7699999999604,406533.25999999995
454,2020-08-01,393450.06,2186.929999999964,395636.99
455,2020-08-04,399066.58,5121.919999999933,404188.49999999994
456,2020-08-05,411162.45,3718.319999999949,414880.76999999996
457,2020-08-06,409902.79,2074.4899999999616,411977.2799999999
458,2020-08-07,397063.51,6234.369999999966,403297.88
459,2020-08-08,408175.1,4098.659999999982,412273.75999999995
460,2020-08-11,396215.16,5732.2599999999875,401947.42
461,2020-08-12,395874.53,4525.919999999984,400400.45
462,2020-08-13,397950.97,3683.42000000002,401634.39
463,2020-08-14,405288.19,3091.500000000029,408379.69000000006
464,2020-08-15,404963.38,2332.980000000025,407296.36000000004
465,2020-08-18,422503.73,3287.7800000000425,425791.51
466,2020-08-19,416685.34,3972.3200000000215,420657.66000000003
467,2020-08-20,402307.79,4320.060000000012,406627.85
468,2020-08-21,403629.77,3816.2400000000125,407446.01
469,2020-08-22,405445.47,2983.740000000049,408429.21
470,2020-08-25,401748.83,1810.8800000000338,403559.7100000001
471,2020-08-26,391657.95,2741.0800000000163,394399.03
472,2020-08-27,391381.13,3751.520000000026,395132.65
473,2020-08-28,392324.74,4744.520000000019,397069.26
474,2020-08-29,396256.05,4137.380000000005,400393.43
475,2020-09-01,405726.31,3868.280000000057,409594.5900000001
476,2020-09-02,409141.75,4068.6600000000763,413210.4100000001
477,2020-09-03,410783.31,2297.710000000079,413081.0200000001
478,2020-09-04,405753.34,5288.260000000104,411041.60000000015
479,2020-09-05,407325.65,834.8600000000806,408160.5100000001
480,2020-09-08,408731.84,3223.340000000062,411955.1800000001
481,2020-09-09,390446.82,4662.780000000057,395109.6000000001
482,2020-09-10,379178.17,2133.0300000000425,381311.2
483,2020-09-11,392942.04,4170.910000000062,397112.95000000007
484,2020-09-12,393387.12,3235.150000000045,396622.27
485,2020-09-15,397024.07,4169.040000000052,401193.11000000004
486,2020-09-16,393387.84,2620.250000000058,396008.0900000001
487,2020-09-17,392119.95,883.2100000000573,393003.1600000001
488,2020-09-18,392472.26,2310.380000000063,394782.6400000001
489,2020-09-19,388533.32,5079.580000000045,393612.9
490,2020-09-22,381668.67,3518.7800000000207,385187.45
491,2020-09-23,385764.9,2611.1800000000585,388376.0800000001
492,2020-09-24,379399.24,2512.000000000058,381911.24000000005
493,2020-09-25,376416.61,4754.890000000043,381171.5
494,2020-09-26,380728.77,1639.0600000000486,382367.8300000001
495,2020-09-29,375416.11,4576.690000000046,379992.80000000005
496,2020-09-30,378818.14,2116.0100000000457,380934.1500000001
497,2020-10-01,379108.49,1626.4100000000399,380734.9
498,2020-10-10,370147.64,10909.060000000056,381056.70000000007
499,2020-10-13,397727.55,3008.760000000053,400736.31000000006
500,2020-10-14,400430.41,2976.2700000000477,403406.68000000005
501,2020-10-15,407252.44,3233.4500000000335,410485.89
502,2020-10-16,408317.66,2712.9800000000396,411030.64
503,2020-10-17,407912.37,4064.390000000014,411976.76
504,2020-10-20,413684.38,3997.750000000029,417682.13
505,2020-10-21,422648.49,3459.6500000000306,426108.14
506,2020-10-22,427594.82,4142.740000000005,431737.56
507,2020-10-23,421716.27,4936.260000000009,426652.53
508,2020-10-24,429684.4,3381.9000000000015,433066.30000000005
509,2020-10-27,440772.32,2161.339999999982,442933.66
510,2020-10-28,438445.62,2103.239999999969,440548.86
511,2020-10-29,437987.89,2360.5399999999645,440348.43
512,2020-10-30,427720.73,7186.629999999968,434907.3599999999
513,2020-10-31,436946.05,5078.339999999967,442024.38999999996
514,2020-11-03,451362.1,4287.909999999931,455650.0099999999
515,2020-11-04,455671.89,1163.3099999999395,456835.19999999995
516,2020-11-05,467806.82,1971.2899999999354,469778.1099999999
517,2020-11-06,462978.8,2988.1099999999205,465966.9099999999
518,2020-11-07,460805.83,7529.44999999991,468335.2799999999
519,2020-11-10,473216.43,3129.1199999998935,476345.5499999999
520,2020-11-11,469958.13,2758.8699999999153,472716.99999999994
521,2020-11-12,478724.0,2335.569999999905,481059.5699999999
522,2020-11-13,485968.25,948.869999999908,486917.1199999999
523,2020-11-14,477969.12,1375.9699999998993,479345.0899999999
524,2020-11-17,486443.57,2744.2699999999168,489187.8399999999
525,2020-11-18,485844.66,3041.8499999999185,488886.5099999999
526,2020-11-19,480302.22,1969.5199999999168,482271.7399999999
527,2020-11-20,483523.83,4274.109999999921,487797.93999999994
528,2020-11-21,480526.66,2406.1699999999255,482932.8299999999
529,2020-11-24,493331.17,1710.8699999999371,495042.0399999999
530,2020-11-25,477910.71,6448.299999999974,484359.01
531,2020-11-26,480641.57,3077.7999999999593,483719.37
532,2020-11-27,472248.1,2727.449999999946,474975.54999999993
533,2020-11-28,478278.45,3629.969999999943,481908.4199999999
534,2020-12-01,479811.65,2488.7599999999657,482300.41
535,2020-12-02,480170.85,2212.2399999999616,482383.08999999997
536,2020-12-03,483410.48,2028.0999999999767,485438.57999999996
537,2020-12-04,478120.4,3734.679999999993,481855.08
538,2020-12-05,477204.86,3423.389999999992,480628.25
539,2020-12-08,480832.28,4168.209999999985,485000.49
540,2020-12-09,470373.57,4059.6099999999497,474433.17999999993
541,2020-12-10,471407.17,3724.209999999941,475131.37999999995
542,2020-12-11,466917.97,3843.2099999999627,470761.17999999993
543,2020-12-12,470013.09,1883.9099999999598,471897.0
544,2020-12-15,481250.82,929.0099999999511,482179.82999999996
545,2020-12-16,484330.58,3202.929999999935,487533.50999999995
546,2020-12-17,495159.03,2861.289999999928,498020.31999999995
547,2020-12-18,503764.91,4531.949999999939,508296.8599999999
548,2020-12-19,501490.06,1501.0499999999302,502991.1099999999
549,2020-12-22,519389.75,3036.4499999999534,522426.19999999995
550,2020-12-23,521073.17,5384.749999999942,526457.9199999999
551,2020-12-24,527585.55,902.1499999999505,528487.7
552,2020-12-25,538704.19,1087.4899999999761,539791.6799999999
553,2020-12-26,531507.69,3676.1599999999817,535183.85
554,2020-12-29,518951.95,3879.6399999999703,522831.58999999997
555,2020-12-30,543054.8,5079.479999999981,548134.28
556,2020-12-31,578041.9,3377.0999999999476,581419.0
557,2021-01-01,561879.98,1737.1999999999462,563617.1799999999
558,2021-01-05,580440.08,3223.699999999946,583663.7799999999
559,2021-01-06,575082.24,5025.349999999926,580107.59
560,2021-01-07,577032.19,5798.999999999942,582831.19
561,2021-01-08,569091.73,5693.239999999903,574784.9699999999
562,2021-01-09,576025.2,5121.399999999878,581146.5999999999
563,2021-01-12,582545.07,4096.199999999895,586641.2699999998
564,2021-01-13,581575.6,3509.5599999999104,585085.1599999999
565,2021-01-14,583582.76,2356.899999999914,585939.6599999999
566,2021-01-15,564239.03,6746.549999999894,570985.58
567,2021-01-16,567053.23,2910.7499999999054,569963.9799999999
568,2021-01-19,566980.24,1005.349999999904,567985.5899999999
569,2021-01-20,574684.29,3466.5499999999083,578150.84
570,2021-01-21,583884.68,3115.549999999901,587000.23
571,2021-01-22,594726.36,1177.549999999901,595903.9099999999
572,2021-01-23,589104.22,1335.1499999998996,590439.3699999999
573,2021-01-26,588462.8,673.8799999999101,589136.6799999999
574,2021-01-27,584850.79,2698.7299999999086,587549.5199999999
575,2021-01-28,561040.42,5856.0199999999095,566896.44
576,2021-01-29,553597.55,1567.039999999899,555164.59
577,2021-01-30,558123.38,1630.6399999999048,559754.0199999999
578,2021-02-02,557339.67,1913.3599999998987,559253.0299999999
579,2021-02-03,555435.9,3182.859999999877,558618.7599999999
580,2021-02-04,550864.7,3083.8599999998696,553948.5599999998
581,2021-02-05,537432.44,3511.3899999998903,540943.8299999998
582,2021-02-06,550148.13,5609.839999999887,555757.9699999999
583,2021-02-09,570967.67,3874.639999999854,574842.3099999999
584,2021-02-10,573451.39,3214.989999999867,576666.3799999999
585,2021-02-11,569146.66,3904.439999999886,573051.0999999999
586,2021-02-19,567535.02,2041.9599999998973,569576.9799999999
587,2021-02-20,568386.5,1549.8599999999133,569936.3599999999
588,2021-02-23,583649.89,2109.44999999991,585759.34
589,2021-02-24,573024.65,1486.0499999999156,574510.7
590,2021-02-25,564242.48,3017.44999999991,567259.9299999999
591,2021-02-26,558271.52,2434.0099999999074,560705.5299999999
592,2021-02-27,566987.52,1354.1099999998987,568341.6299999999
593,2021-03-02,575727.86,1888.1099999998987,577615.9699999999
594,2021-03-03,580088.92,3199.669999999911,583288.59
595,2021-03-04,571274.6,821.6699999999109,572096.2699999999
596,2021-03-05,579581.13,2092.369999999908,581673.4999999999
597,2021-03-06,577058.79,1413.8699999998935,578472.6599999999
598,2021-03-09,556595.53,3666.279999999846,560261.8099999998
599,2021-03-10,558876.01,2933.6999999998516,561809.7099999998
600,2021-03-11,570565.34,4233.929999999833,574799.2699999998
601,2021-03-12,570411.82,2647.299999999843,573059.1199999998
602,2021-03-13,569919.95,2625.079999999856,572545.0299999998
603,2021-03-16,567907.42,306.79999999986467,568214.2199999999
604,2021-03-17,567650.7,1440.3399999998655,569091.0399999998
605,2021-03-18,571388.24,2388.03999999987,573776.2799999999
606,2021-03-19,561602.02,1700.8499999998821,563302.8699999999
607,2021-03-20,556699.74,4066.169999999918,560765.9099999999
608,2021-03-23,549684.48,2307.3699999999008,551991.8499999999
609,2021-03-24,541943.01,2503.3699999999008,544446.3799999999
610,2021-03-25,539638.86,232.1299999999028,539870.9899999999
611,2021-03-26,547153.54,2092.1299999998882,549245.6699999999
612,2021-03-27,548487.99,3190.629999999903,551678.6199999999
613,2021-03-30,554125.72,2618.409999999909,556744.1299999999
614,2021-03-31,564497.6,5303.909999999902,569801.5099999999
615,2021-04-01,567163.97,2607.409999999916,569771.3799999999
616,2021-04-02,560689.03,4067.919999999882,564756.95
617,2021-04-03,567727.38,4400.699999999895,572128.0799999998
618,2021-04-07,560403.88,2917.349999999882,563321.2299999999
619,2021-04-08,562602.99,2074.8699999998935,564677.8599999999
620,2021-04-09,554908.29,3595.4599999998463,558503.7499999999
621,2021-04-10,558016.1,459.45999999984633,558475.5599999998
622,2021-04-13,540942.85,2883.689999999835,543826.5399999998
623,2021-04-14,552042.38,1842.0699999998178,553884.4499999998
624,2021-04-15,549714.48,2881.7899999998335,552596.2699999998
625,2021-04-16,553148.1,2109.029999999868,555257.1299999999
626,2021-04-17,554157.49,3520.4299999998548,557677.9199999998
627,2021-04-20,565875.63,3092.969999999863,568968.5999999999
628,2021-04-21,562218.18,3977.0699999998396,566195.2499999999
629,2021-04-22,560762.72,1965.969999999841,562728.6899999998
630,2021-04-23,557169.97,3360.889999999832,560530.8599999998
631,2021-04-24,559103.03,4082.8899999997884,563185.9199999998
632,2021-04-27,561539.21,3203.0099999997983,564742.2199999997
633,2021-04-28,569644.08,2712.279999999795,572356.3599999998
634,2021-04-29,562195.62,3874.749999999789,566070.3699999998
635,2021-04-30,564448.1,4431.099999999795,568879.1999999997
636,2021-05-01,559119.92,6488.299999999814,565608.2199999999
637,2021-05-07,561416.84,3090.199999999808,564507.0399999998
638,2021-05-08,562092.64,4566.999999999833,566659.6399999999
639,2021-05-11,562269.11,4228.519999999851,566497.6299999999
640,2021-05-12,580636.69,2520.019999999873,583156.7099999998
641,2021-05-13,567022.57,2528.709999999868,569551.2799999998
642,2021-05-14,564608.27,4020.6699999998673,568628.94
643,2021-05-15,568348.5,2461.6699999998746,570810.1699999999
644,2021-05-18,568095.29,2121.669999999882,570216.96
645,2021-05-19,564730.4,291.46999999988475,565021.8699999999
646,2021-05-20,557551.7,4235.519999999888,561787.2199999999
647,2021-05-21,566694.31,4214.569999999891,570908.8799999999
648,2021-05-22,560562.56,2346.319999999898,562908.88
649,2021-05-25,567427.86,1067.589999999902,568495.4499999998
650,2021-05-26,573259.15,1260.2699999999022,574519.4199999999
651,2021-05-27,576655.71,2412.679999999891,579068.3899999999
652,2021-05-28,583799.06,2863.0299999998897,586662.09
653,2021-05-29,582421.84,915.6299999998882,583337.4699999999
654,2021-06-01,604817.99,1339.4299999998912,606157.4199999999
655,2021-06-02,595945.76,454.42999999989115,596400.19
656,2021-06-03,594161.23,3304.4299999998766,597465.6599999999
657,2021-06-04,598204.07,2853.709999999861,601057.7799999998
658,2021-06-05,598881.86,442.0499999998792,599323.9099999999
659,2021-06-08,586852.81,2407.8499999998894,589260.6599999999
660,2021-06-09,587562.36,2572.989999999896,590135.3499999999
661,2021-06-10,593937.97,3835.709999999912,597773.6799999999
662,2021-06-11,596146.24,3732.1499999998705,599878.3899999999
663,2021-06-12,599621.03,4220.909999999902,603841.94
664,2021-06-16,576652.05,6118.669999999896,582770.72
665,2021-06-17,589242.57,5059.159999999894,594301.7299999999
666,2021-06-18,591564.26,2412.1399999998757,593976.3999999999
667,2021-06-19,581009.17,2591.059999999874,583600.2299999999
668,2021-06-22,592761.78,5966.559999999881,598728.3399999999
669,2021-06-23,598474.45,2997.45999999989,601471.9099999998
670,2021-06-24,600729.75,4400.69999999991,605130.45
671,2021-06-25,616159.35,3928.9699999999284,620088.32
672,2021-06-26,596255.94,6833.279999999868,603089.2199999999
673,2021-06-29,607836.01,3823.399999999863,611659.4099999999
674,2021-06-30,603403.53,2421.9699999998265,605825.4999999999
675,2021-07-01,594907.9,1935.4499999998297,596843.3499999999
676,2021-07-02,586148.5,5548.329999999878,591696.8299999998
677,2021-07-03,596937.66,4039.6699999998746,600977.33
678,2021-07-06,621823.86,3682.5999999998603,625506.4599999998
679,2021-07-07,663620.85,4347.589999999822,667968.4399999998
680,2021-07-08,657410.62,4050.4899999998015,661461.1099999998
681,2021-07-09,678155.69,3167.7099999998463,681323.3999999998
682,2021-07-10,679504.86,2603.9099999998434,682108.7699999998
683,2021-07-13,727429.67,1459.2099999998463,728888.8799999999
684,2021-07-14,717633.47,5231.899999999849,722865.3699999999
685,2021-07-15,744042.87,3859.199999999866,747902.0699999998
686,2021-07-16,741508.84,2024.199999999837,743533.0399999998
687,2021-07-17,736127.79,6231.079999999871,742358.8699999999
688,2021-07-20,737872.16,5197.85999999987,743070.0199999999
689,2021-07-21,766691.24,1748.3599999998987,768439.5999999999
690,2021-07-22,794392.45,2768.749999999898,797161.1999999998
691,2021-07-23,785814.33,5518.229999999865,791332.5599999998
692,2021-07-24,768111.1,3726.2299999998504,771837.3299999998
693,2021-07-27,722181.52,4399.649999999878,726581.1699999999
694,2021-07-28,732215.45,4690.489999999787,736905.9399999997
695,2021-07-29,780571.77,6323.999999999825,786895.7699999998
696,2021-07-30,794933.4,547.4699999998411,795480.8699999999
697,2021-07-31,752023.05,4576.649999999805,756599.6999999998
