code,fund_sum
000001.XSHE,196.36697786829998
000002.XSHE,166.55800811619997
000009.XSHE,85.44413884720005
000012.XSHE,12.898658172400001
000026.XSHE,0.23672097420000002
000027.XSHE,0.24097024
000028.XSHE,0.7514016
000032.XSHE,0.009999000000000001
000034.XSHE,0.18709031760000003
000039.XSHE,3.1298498503
000049.XSHE,0.0011979900000000001
000059.XSHE,0.49758800000000003
000060.XSHE,0.012825
000063.XSHE,86.02775839020002
000066.XSHE,0.6422902156
000069.XSHE,12.964365800400003
000089.XSHE,0.4242746664
000090.XSHE,0.02491992
000100.XSHE,6.477208227999999
000155.XSHE,3.61917765
000157.XSHE,2.4769305
000166.XSHE,6.84639395
000301.XSHE,95.05952924200002
000333.XSHE,250.19273623200013
000338.XSHE,34.211038053900005
000400.XSHE,4.921087743
000401.XSHE,4.7518522623
000402.XSHE,0.10170024
000403.XSHE,5.961729792000001
000408.XSHE,0.02082706
000419.XSHE,0.03990196
000420.XSHE,0.25835953
000422.XSHE,0.1961424
000423.XSHE,1.6467472109999999
000425.XSHE,1.6454002854000003
000429.XSHE,1.0682827252000002
000488.XSHE,0.02140842
000498.XSHE,0.3113514478
000501.XSHE,2.4223157192
000507.XSHE,0.29259153
000513.XSHE,6.256369920600001
000516.XSHE,14.695034363700003
000519.XSHE,18.5443598329
000526.XSHE,0.306222552
000528.XSHE,0.02537288
000537.XSHE,8.674814408999998
000538.XSHE,20.179494565999995
000539.XSHE,0.19576546079999999
000543.XSHE,0.24415787
000544.XSHE,0.01883646
000546.XSHE,0.16687778
000547.XSHE,7.696782779399999
000553.XSHE,0.0349520613
000555.XSHE,0.1410871
000563.XSHE,0.2841177432
000568.XSHE,570.6196200460005
000581.XSHE,0.7206902620000001
000582.XSHE,0.11136807
000591.XSHE,7.5050086269
000596.XSHE,191.559562014
000598.XSHE,1.1118104306
000603.XSHE,3.1500995336
000605.XSHE,0.041392208
000615.XSHE,0.00702402
000623.XSHE,0.144824
000625.XSHE,16.282827153000003
000629.XSHE,1.1722691061000001
000630.XSHE,4.908960347800001
000631.XSHE,0.1045792836
000635.XSHE,1.06253903
000636.XSHE,10.8469976048
000650.XSHE,6.7079999763
000651.XSHE,26.2221684
000652.XSHE,0.00772148
000656.XSHE,4.699988683199999
000657.XSHE,8.392742531600001
,0.0113683475
000661.XSHE,167.03946899580006
000671.XSHE,2.0783433456
000672.XSHE,0.74122308
000681.XSHE,0.08211246059999999
000683.XSHE,23.049942384
000685.XSHE,0.08676061060000001
000686.XSHE,0.09227196
000690.XSHE,0.18134349
000703.XSHE,0.10108500000000001
000708.XSHE,10.464952685
000709.XSHE,0.8536045600000001
000718.XSHE,1.7544375839999997
000723.XSHE,5.2917613098
000725.XSHE,84.943076449
000728.XSHE,0.107060825
000731.XSHE,3.276614502
000733.XSHE,152.20929123679997
000738.XSHE,7.938924817800001
000739.XSHE,55.766814456399985
000761.XSHE,0.02080788
000762.XSHE,9.4673175134
000768.XSHE,17.7724145026
000776.XSHE,79.76083669280001
000778.XSHE,0.0313026
000782.XSHE,0.0097704
000783.XSHE,0.45928305
000785.XSHE,0.00187074
000786.XSHE,14.045434065
000789.XSHE,0.0105724744
000791.XSHE,0.21807408
000792.XSHE,17.613441051200002
000799.XSHE,185.1891512546
000800.XSHE,0.02546675
000807.XSHE,20.404815932700004
000818.XSHE,2.929388748
000822.XSHE,1.6682352018000002
000825.XSHE,11.877391433000001
000830.XSHE,9.361757472
000831.XSHE,4.279434999
000837.XSHE,0.00222
000839.XSHE,0.00187659
000848.XSHE,3.9345130950000002
000856.XSHE,0.00374697
000858.XSHE,1011.8762344096004
000860.XSHE,16.4900149104
000863.XSHE,0.00390311
000875.XSHE,0.0397505
000876.XSHE,3.8687729724000004
000877.XSHE,0.65926392
000878.XSHE,1.41041916
000885.XSHE,0.08417548
000887.XSHE,7.978559611200001
000893.XSHE,0.56742252
000895.XSHE,8.550863177999998
000897.XSHE,0.00776084
000898.XSHE,0.33935124
000902.XSHE,20.896562298000006
000906.XSHE,2.6068195895
000910.XSHE,7.520412479600001
000912.XSHE,2.1094290745
000913.XSHE,0.6735754432
000921.XSHE,6.0203892
000928.XSHE,0.5076642276
000930.XSHE,0.5962444281
000932.XSHE,6.775022829899999
000933.XSHE,9.509574408
000935.XSHE,1.2535469361
000937.XSHE,3.0917122478000003
000938.XSHE,9.943257022200001
000949.XSHE,0.0438858
000951.XSHE,7.2812844468
000959.XSHE,1.622478
000960.XSHE,0.41695336980000003
000961.XSHE,2.849803763
000963.XSHE,0.41592335120000007
000967.XSHE,0.06198705
000968.XSHE,4.157139888
000975.XSHE,6.301891996800002
000977.XSHE,10.677741407199997
000983.XSHE,14.8636506726
000987.XSHE,1.308549593
000988.XSHE,17.154988016599997
000990.XSHE,1.2080614448
000997.XSHE,0.07317657
000998.XSHE,22.825236152400002
000999.XSHE,1.3384644028000001
001208.XSHE,0.0002711684
001209.XSHE,4.2464e-05
001210.XSHE,3.6565e-05
001215.XSHE,0.05618191500000003
,0.012257823199999998
,0.018859344
001872.XSHE,0.061812
001914.XSHE,16.047080403800003
001965.XSHE,1.2414292331999999
001979.XSHE,22.1463788392
002001.XSHE,11.6947505272
002002.XSHE,1.02859488
002003.XSHE,1.1591143640000001
002004.XSHE,1.534803902
002007.XSHE,0.8187734879999999
002008.XSHE,25.0162503942
002009.XSHE,0.13160752
002010.XSHE,0.19271455
002011.XSHE,0.13782444
002013.XSHE,60.6993998968
002014.XSHE,0.035441021600000004
002019.XSHE,7.8722039496
002024.XSHE,0.033567730000000004
002025.XSHE,43.982592138899996
002026.XSHE,0.35404128
002027.XSHE,128.19678248679998
002028.XSHE,30.889467065599995
002030.XSHE,0.1927566
002032.XSHE,0.48300195239999993
002034.XSHE,0.540539419
002035.XSHE,0.33587442
002036.XSHE,14.517971761999998
002038.XSHE,0.22259022
002039.XSHE,0.39525262
002040.XSHE,0.04016519
002041.XSHE,11.209680388799999
002043.XSHE,3.4591621995
002044.XSHE,1.35573788
002046.XSHE,4.880559828
002048.XSHE,30.0001122673
002049.XSHE,272.98649212000004
002050.XSHE,41.15490807880002
002056.XSHE,0.71628768
002060.XSHE,1.5036484455
002061.XSHE,0.0221832
002063.XSHE,0.084483
002064.XSHE,5.4430832136000005
002065.XSHE,0.38372664
002074.XSHE,6.9795022467
002075.XSHE,0.46755702
002078.XSHE,37.129903839600004
002079.XSHE,0.0163833
002080.XSHE,26.928585654000003
002088.XSHE,18.2902292935
002091.XSHE,2.2998967935
002092.XSHE,2.9658375439999998
002100.XSHE,0.1548583
002105.XSHE,0.6798448384000001
002108.XSHE,0.9871770879000001
002110.XSHE,3.9918515148000004
002111.XSHE,3.210337215
002120.XSHE,43.038136295
002124.XSHE,0.5480891344000001
002126.XSHE,0.29502658
002127.XSHE,0.237999696
002128.XSHE,3.1039431318
002129.XSHE,122.22005971160004
002131.XSHE,0.5107348
002135.XSHE,0.86335562
002138.XSHE,17.348385249
002139.XSHE,2.596972616
002142.XSHE,290.66086751259985
002145.XSHE,21.371127753800003
002146.XSHE,0.24848064
002149.XSHE,0.097971
002152.XSHE,0.0787743
002153.XSHE,13.623529956399999
002154.XSHE,1.84978053
002155.XSHE,1.6203952138000002
002156.XSHE,0.5682683552
002157.XSHE,2.9936785549000002
002158.XSHE,3.1680844080000004
002159.XSHE,1.36566612
002163.XSHE,0.2500267
002170.XSHE,1.7793527336000001
002171.XSHE,1.13560575
002174.XSHE,0.3184737716
002176.XSHE,29.918462184000006
002179.XSHE,122.17004372960001
002180.XSHE,46.117300707
002182.XSHE,4.2772865832
002183.XSHE,3.947314077
002185.XSHE,0.32504690399999997
002187.XSHE,0.03912128
002191.XSHE,0.2795434904
002192.XSHE,78.11349556
002202.XSHE,8.1482029259
002203.XSHE,0.21545754
002206.XSHE,5.1181226872000005
002212.XSHE,3.09112576
002213.XSHE,0.42183248450000005
002214.XSHE,5.6386139894000005
002215.XSHE,0.5887395
002216.XSHE,0.092615166
002218.XSHE,0.08668172
002221.XSHE,3.8682659113
002223.XSHE,4.9610907444
002230.XSHE,33.825392589
002233.XSHE,0.27251592350000003
002234.XSHE,1.999532985
002236.XSHE,92.567458924
002237.XSHE,2.4468173868000003
002240.XSHE,69.63704824439999
002241.XSHE,132.44442385700003
002242.XSHE,0.409740198
002244.XSHE,0.596388892
002245.XSHE,19.2709784896
002249.XSHE,1.3699698884
002250.XSHE,1.51028749
002254.XSHE,13.205049578000002
002258.XSHE,2.075738
002261.XSHE,0.0047458
002262.XSHE,1.1719043958000002
002266.XSHE,8.8404195096
002268.XSHE,7.8892252275
002271.XSHE,158.97568672840004
002273.XSHE,0.07563410400000001
002274.XSHE,0.01134154
002283.XSHE,0.00247792
002286.XSHE,0.16812224
002291.XSHE,11.604858447000002
002292.XSHE,0.06347616
002294.XSHE,1.8751062204000002
002296.XSHE,0.01899616
002299.XSHE,4.489196904
002304.XSHE,356.2982930688
002311.XSHE,185.33256362
002312.XSHE,0.21430380000000002
002315.XSHE,4.1674293216
002317.XSHE,1.0291990896
002318.XSHE,13.005925295699999
002322.XSHE,0.00384532
002324.XSHE,0.6848195256
002326.XSHE,38.007465708800005
002327.XSHE,9.691572550900002
002332.XSHE,15.0530639856
002335.XSHE,0.00257334
002340.XSHE,16.275416735200004
002343.XSHE,0.06334444
002345.XSHE,0.82121314
002352.XSHE,119.856026199
002353.XSHE,110.46229444619999
002368.XSHE,0.13303736
002371.XSHE,279.4628443739001
002372.XSHE,14.714299322500002
002375.XSHE,6.373817885
002376.XSHE,2.5106819346
002382.XSHE,0.3093940864
002384.XSHE,2.1113308695999997
002385.XSHE,12.745220518799998
002386.XSHE,5.7135122889
002389.XSHE,13.173436726199999
002390.XSHE,6.0438909700000005
002392.XSHE,0.12810566720000002
002396.XSHE,5.4870962277999995
002398.XSHE,5.172556786
002402.XSHE,34.160051247999995
002404.XSHE,0.01984896
002405.XSHE,0.300816246
002407.XSHE,7.4405508970000005
002408.XSHE,4.530833135
002409.XSHE,32.30154791609999
002410.XSHE,134.7386469633
002413.XSHE,0.0007272
002414.XSHE,8.4743491724
002415.XSHE,626.0918686
002419.XSHE,0.022070160000000002
002422.XSHE,1.5709533933
002425.XSHE,3.760127199
002430.XSHE,13.914517904000002
002434.XSHE,1.5183835446
002436.XSHE,7.0005053429999995
002438.XSHE,3.8344035360000004
002439.XSHE,5.4044056968000005
002443.XSHE,0.0042224
002444.XSHE,38.857064049600005
002449.XSHE,0.96667116
002452.XSHE,1.254255308
002453.XSHE,1.49145864
002454.XSHE,3.4978796762
002455.XSHE,0.0772896
002456.XSHE,0.1735104
002458.XSHE,0.636802084
002459.XSHE,123.71422919800006
002460.XSHE,380.2750765293999
002462.XSHE,0.06502572440000001
002465.XSHE,0.25969664
002466.XSHE,284.01268639880004
002472.XSHE,6.2431071327
002475.XSHE,263.03595506650004
002479.XSHE,0.11814546000000001
002481.XSHE,9.63300191
002483.XSHE,0.0064332600000000005
002484.XSHE,11.011086888000003
002487.XSHE,12.4936827176
002493.XSHE,187.70747801599998
002495.XSHE,0.13100616
002497.XSHE,74.41792103599997
002498.XSHE,0.0040677000000000005
002500.XSHE,0.00160064
002505.XSHE,0.10139597
002507.XSHE,0.4705512025
002508.XSHE,10.070445346000001
002511.XSHE,0.04722624
002518.XSHE,0.895235198
002520.XSHE,0.4472307495
002527.XSHE,0.07746024
002529.XSHE,0.0312273
002531.XSHE,16.541980617500002
002532.XSHE,0.89807088
002534.XSHE,0.20797286
002538.XSHE,0.468308
002539.XSHE,3.0684641484000004
002541.XSHE,21.71129375
002542.XSHE,0.0077220000000000006
002543.XSHE,0.1061446932
002545.XSHE,0.059772
002548.XSHE,0.0113424
002549.XSHE,0.17754268399999998
002555.XSHE,44.120020127299995
002556.XSHE,0.00155448
002557.XSHE,4.6606644056
002558.XSHE,0.918979048
002559.XSHE,0.25687725
002563.XSHE,5.7311867212
002568.XSHE,123.03333630120001
002572.XSHE,1.0878181900000001
002579.XSHE,0.00613054
002582.XSHE,0.158202
002583.XSHE,0.067630056
002585.XSHE,7.612630521600001
002588.XSHE,0.21398868000000001
002594.XSHE,361.1818034243999
002595.XSHE,18.3112574395
002597.XSHE,10.410942596699998
002599.XSHE,2.2210974715
002601.XSHE,66.5443802232
002602.XSHE,4.853349126
002603.XSHE,0.38909876200000004
002605.XSHE,0.8198565984
002607.XSHE,0.8191474724000001
002608.XSHE,0.213738
002609.XSHE,5.729133569399999
002611.XSHE,0.020016
002612.XSHE,0.009842
002614.XSHE,1.0710589199
002615.XSHE,0.062284320000000004
002617.XSHE,0.00631426
002623.XSHE,3.0276473905000003
002624.XSHE,14.081869880000003
002625.XSHE,2.39724564
002626.XSHE,0.1356166
002635.XSHE,0.15034704000000002
002637.XSHE,0.20941774
002641.XSHE,0.039145126
002643.XSHE,28.492301601399994
002645.XSHE,1.5866833006
002646.XSHE,0.0174324
002648.XSHE,55.727087471100006
002649.XSHE,0.10297554
002651.XSHE,3.2057921836000003
002653.XSHE,0.6239587236
002655.XSHE,1.8760461258
002664.XSHE,0.807631958
002674.XSHE,0.061289790000000004
002675.XSHE,3.3312109632
002676.XSHE,0.0216627
002677.XSHE,3.2461276428000003
002678.XSHE,0.021990144
002690.XSHE,0.2469641579
002695.XSHE,0.0867
002697.XSHE,0.004112
002698.XSHE,7.710678455599999
002701.XSHE,0.77112508
002705.XSHE,16.327257102199997
002706.XSHE,8.7976135665
002709.XSHE,396.71623531419993
002713.XSHE,1.2324160264000001
002714.XSHE,90.86334559300002
002724.XSHE,1.1192206376999998
002727.XSHE,9.579141008400002
002732.XSHE,0.14830096
002736.XSHE,2.1155589660000005
002738.XSHE,2.82761289
002739.XSHE,0.510036637
002745.XSHE,8.7404822968
002747.XSHE,0.23412752
002749.XSHE,0.132098105
002751.XSHE,0.01959636
002752.XSHE,0.0595375535
002753.XSHE,0.04560208
002756.XSHE,74.1204228672
002759.XSHE,2.92884349
002774.XSHE,0.01148796
002777.XSHE,1.4670249843
002780.XSHE,0.01494
002786.XSHE,0.55179692
002787.XSHE,0.039497976000000004
002791.XSHE,19.943873879399998
002799.XSHE,0.0460569472
002805.XSHE,0.0301464
002807.XSHE,0.230469484
002810.XSHE,16.5007483184
002812.XSHE,384.3803234163997
002818.XSHE,0.31760961
002821.XSHE,419.6681170570001
002823.XSHE,0.229331148
002824.XSHE,0.00945945
002829.XSHE,0.0190275
002831.XSHE,12.706787923200002
002832.XSHE,27.431586809700004
002833.XSHE,2.895158105
002837.XSHE,2.4881330016000005
002839.XSHE,1.490716
002841.XSHE,72.99904485599998
002845.XSHE,0.7580216
002850.XSHE,27.390202731000006
002851.XSHE,7.6386999080999995
002855.XSHE,0.06360004
002859.XSHE,0.380532
002865.XSHE,2.0787551681000003
002867.XSHE,20.103329476500004
002870.XSHE,0.8994185256
002876.XSHE,13.073399461600001
002879.XSHE,5.5834139256
002881.XSHE,0.1360086
002884.XSHE,10.351608067199999
002891.XSHE,0.17883216
002895.XSHE,5.369197086000001
002897.XSHE,2.8961936280000002
002901.XSHE,0.123051348
002906.XSHE,1.01134176
002913.XSHE,3.0255316279999995
002916.XSHE,0.06087444
002918.XSHE,0.38427470399999997
002920.XSHE,33.8557525736
002922.XSHE,1.0404625
002925.XSHE,32.622872849
002926.XSHE,0.010450206
002928.XSHE,12.696473985
002929.XSHE,0.4728537
002930.XSHE,3.1566927524
002933.XSHE,0.4029361666
002935.XSHE,0.003784
002938.XSHE,18.719215891199998
002939.XSHE,0.2846336
002946.XSHE,0.385866
002948.XSHE,0.7588749100000001
002949.XSHE,0.238582498
002956.XSHE,0.06742302
002957.XSHE,1.920152789
002958.XSHE,0.17116
002959.XSHE,0.027104
002960.XSHE,1.9185858854999998
002961.XSHE,0.40754832
002966.XSHE,0.33761256
002967.XSHE,4.5068998073
002968.XSHE,6.1199030225
002970.XSHE,0.2294936
002978.XSHE,0.062811
002979.XSHE,0.81124482
002982.XSHE,0.8955258161999999
002984.XSHE,0.018663120000000002
002985.XSHE,28.01852445
002987.XSHE,0.8573685780000001
002993.XSHE,0.00546624
003012.XSHE,2.5376813962
003016.XSHE,0.56703152
003021.XSHE,1.7584274907
003022.XSHE,23.750749481
003025.XSHE,0.021316
003026.XSHE,0.20396088
003031.XSHE,0.0011366
003038.XSHE,3.5210022
003816.XSHE,9.083835539199999
,1.9194435399
300001.XSHE,0.15728793600000002
300002.XSHE,0.4205810642
300003.XSHE,12.220106364100001
300007.XSHE,4.0866315360000005
300009.XSHE,3.64559128
300012.XSHE,108.6994655725
300014.XSHE,365.31111557250017
300015.XSHE,478.9220799860004
300017.XSHE,0.00399168
300031.XSHE,0.01629584
300033.XSHE,13.281013767399998
300034.XSHE,16.317319657099997
300035.XSHE,41.598671492
300036.XSHE,2.4513783
300037.XSHE,185.72073185
300041.XSHE,0.0305
300049.XSHE,0.02397416
300054.XSHE,15.896306027099996
300055.XSHE,0.18780391
300057.XSHE,0.177744
300058.XSHE,3.2072391344
300059.XSHE,488.7273380041009
300065.XSHE,1.8020525304
300067.XSHE,0.5888076968
300070.XSHE,19.3515041916
300072.XSHE,0.07225108
300073.XSHE,64.601560672
300077.XSHE,5.5399921671
300079.XSHE,0.016416
300082.XSHE,0.7818656340000001
300083.XSHE,12.688865897200001
300087.XSHE,8.48673574
300088.XSHE,0.04878744
300101.XSHE,0.7875733544
300114.XSHE,0.5845362528
300115.XSHE,0.25824496
300118.XSHE,7.9465217476
300119.XSHE,11.6922786357
300121.XSHE,0.29380636
300122.XSHE,303.1664303157
300123.XSHE,1.02940692
300124.XSHE,116.25049568959999
300129.XSHE,0.17739309
300132.XSHE,0.4150741
300133.XSHE,10.5131747565
300137.XSHE,0.02082784
300138.XSHE,0.02574
300142.XSHE,37.38423590460001
300143.XSHE,3.8678971991999997
300144.XSHE,46.34959690239999
300145.XSHE,0.11840640000000001
300146.XSHE,7.5853215272000005
300149.XSHE,5.0506770006
300151.XSHE,1.835329732
300161.XSHE,0.1861974
300166.XSHE,0.3323603538
300168.XSHE,0.241794
300171.XSHE,40.2211232416
300179.XSHE,1.09306988
300182.XSHE,0.09350068
300183.XSHE,0.0181604
300185.XSHE,0.03272724
300188.XSHE,4.6185190016
300193.XSHE,6.892483536500001
300196.XSHE,2.9698030938
300203.XSHE,9.667619568
300206.XSHE,0.371402
300207.XSHE,117.65874813000002
300212.XSHE,2.8945591068
300213.XSHE,0.02020096
300215.XSHE,0.16965
300219.XSHE,0.26972736
300223.XSHE,46.69965761
300224.XSHE,0.01709136
300226.XSHE,0.015050550000000001
300227.XSHE,0.10724932000000001
300232.XSHE,0.1900771664
300233.XSHE,5.121340619200001
300241.XSHE,0.214988
300244.XSHE,3.1323243740999995
300251.XSHE,18.010463030399997
300253.XSHE,51.162736972599994
300260.XSHE,3.4286532176
300263.XSHE,2.4424405725000002
300268.XSHE,0.05657555
300271.XSHE,0.0019092
300272.XSHE,0.0231642
300274.XSHE,469.7812202892
300280.XSHE,1.6102923966
300285.XSHE,62.371893225499996
300286.XSHE,0.023128
300292.XSHE,0.7754646900000001
300294.XSHE,2.38793409
300296.XSHE,0.38121174
300298.XSHE,15.675723177399998
300308.XSHE,0.6452527936
300315.XSHE,0.5249429809
300316.XSHE,67.95465598349999
300318.XSHE,0.11681856
300319.XSHE,2.1141176774000003
300323.XSHE,3.31939127
300327.XSHE,9.3784722868
300331.XSHE,0.39188626
300332.XSHE,0.63256427
300334.XSHE,0.007844
300339.XSHE,0.238911225
300343.XSHE,8.1843025464
300346.XSHE,0.04703293
300347.XSHE,393.19782936
300348.XSHE,3.7296904896
300355.XSHE,0.00724302
300357.XSHE,14.204947064
300358.XSHE,0.6246136
300363.XSHE,238.39710158220012
300365.XSHE,6.9917846400000006
300369.XSHE,5.54673366
300373.XSHE,0.5978646392
300374.XSHE,1.6066588961000001
300378.XSHE,1.024878229
300379.XSHE,4.5940569794
300382.XSHE,19.2350562112
300384.XSHE,0.18884304000000002
300390.XSHE,125.63596992069998
300394.XSHE,0.9563365946
300395.XSHE,25.663908092799996
300400.XSHE,0.717098
300401.XSHE,0.46860804
300406.XSHE,2.61199235
300408.XSHE,100.588930232
300409.XSHE,0.010621
300413.XSHE,87.2255258328
300416.XSHE,1.488297096
300418.XSHE,1.8782500094999999
300421.XSHE,2.7868415339999997
300432.XSHE,36.2346933276
300433.XSHE,21.194455965200003
300438.XSHE,0.08567815599999999
300440.XSHE,0.059398
300441.XSHE,0.9450000000000001
300443.XSHE,7.279885796600002
300450.XSHE,181.63118396360002
300451.XSHE,8.6388692865
300454.XSHE,125.65200886799995
300456.XSHE,0.054060000000000004
300457.XSHE,2.2400117352
300458.XSHE,4.426739075
300460.XSHE,0.8098885459999999
300463.XSHE,0.6252801610000001
300470.XSHE,4.8064917569
300473.XSHE,0.03866358
300474.XSHE,7.1404617888
300476.XSHE,22.727572860000002
300477.XSHE,0.6057618551999999
300480.XSHE,0.940652653
300481.XSHE,0.2885474768
300482.XSHE,10.839973200000001
300483.XSHE,0.45451899200000007
300487.XSHE,4.8662178892000005
300490.XSHE,1.8337301480000001
300492.XSHE,0.0982566
300496.XSHE,77.47103244229999
300497.XSHE,0.17726796
300498.XSHE,5.9010001369
300499.XSHE,0.00063
300502.XSHE,6.1078686396
300505.XSHE,0.6735598272
300506.XSHE,0.03545
300507.XSHE,0.0939888898
300508.XSHE,1.826230656
300512.XSHE,0.037247
300515.XSHE,0.038862
300523.XSHE,0.30751993899999996
300525.XSHE,3.2088661560000005
300527.XSHE,0.0615264
300529.XSHE,47.57023804799999
300545.XSHE,0.34926329759999997
300558.XSHE,44.0336581641
300566.XSHE,0.8955762420000001
300567.XSHE,7.5333615072
300568.XSHE,50.661227077
300569.XSHE,0.3729
300570.XSHE,0.07337988000000001
300571.XSHE,0.90750144
300572.XSHE,0.2105135604
300573.XSHE,10.121405262
300575.XSHE,4.0554642338
300577.XSHE,0.005698
300582.XSHE,0.1381181
300587.XSHE,19.470793420299998
300590.XSHE,0.0217513
300593.XSHE,14.095457550999999
300595.XSHE,82.84902889219998
300596.XSHE,0.36817704
300599.XSHE,0.07814232
300601.XSHE,48.316806276000015
300604.XSHE,26.55809328480001
300613.XSHE,28.6125609462
300614.XSHE,0.0040377237
300616.XSHE,1.6552815104
300617.XSHE,0.21317466000000002
300618.XSHE,0.2254496
300620.XSHE,1.283874196
300622.XSHE,0.01203906
300623.XSHE,0.17002725
300624.XSHE,1.8497593396
300626.XSHE,0.0230552
300627.XSHE,9.9707083893
300628.XSHE,50.582097125000004
300630.XSHE,16.463758675
300631.XSHE,1.018886305
300633.XSHE,2.54823813
300634.XSHE,1.4447470048000002
300636.XSHE,0.7860834
300638.XSHE,6.0678814742
300639.XSHE,0.6125153258000001
300642.XSHE,0.100024352
300648.XSHE,1.1949480000000001
300655.XSHE,7.759729152
300656.XSHE,0.044928
300657.XSHE,0.31458095
300659.XSHE,9.7684617276
300661.XSHE,229.19793000280004
300662.XSHE,13.3090102093
300671.XSHE,0.9940940768
300672.XSHE,0.2474132
300674.XSHE,5.9736058455
300676.XSHE,4.9004357357999995
300677.XSHE,12.1399687458
300679.XSHE,1.77023631
300680.XSHE,0.18433824000000001
300681.XSHE,1.3938966
300682.XSHE,4.8469363332
300685.XSHE,5.829707524
300687.XSHE,3.3003063642000003
300693.XSHE,0.90000369
300696.XSHE,7.234867824000001
300699.XSHE,8.3927044656
300702.XSHE,15.914625247999998
300705.XSHE,0.82014298
300706.XSHE,0.177942765
300718.XSHE,0.6381879
300724.XSHE,30.404918123600012
300725.XSHE,76.10326613120006
300726.XSHE,11.95133491
300730.XSHE,0.023996280000000002
300732.XSHE,0.022244617400000003
300733.XSHE,3.66488336
300735.XSHE,0.141763674
300737.XSHE,1.6114469219999998
300738.XSHE,0.014148840000000001
300740.XSHE,0.53882271
300741.XSHE,0.4751047026
300747.XSHE,39.2370967535
300748.XSHE,1.2979482625999998
300750.XSHE,1819.9357538009997
300751.XSHE,43.076996734400005
300755.XSHE,0.0074274200000000005
300759.XSHE,302.5689313998
300760.XSHE,547.1752833229999
300761.XSHE,0.404042512
300762.XSHE,4.051574756899999
300763.XSHE,22.40777462
300767.XSHE,41.176920431999996
300768.XSHE,0.3691424652
300769.XSHE,42.99492505
300770.XSHE,0.057096108
300772.XSHE,18.687823448000003
300773.XSHE,1.6295920055000002
300775.XSHE,22.987091982
300776.XSHE,17.807017542400004
300777.XSHE,24.41437038
300782.XSHE,115.12779216
300783.XSHE,0.07209776
300785.XSHE,0.00641155
300788.XSHE,0.3490758375
300789.XSHE,0.02737724
300790.XSHE,3.215822408
300792.XSHE,4.8353599444
300793.XSHE,0.023738179800000002
300795.XSHE,0.07225431
300799.XSHE,1.7128908048000002
300802.XSHE,0.829081134
300803.XSHE,0.04079804
300806.XSHE,8.945223031000001
300811.XSHE,5.2772869
300813.XSHE,0.82533568
300814.XSHE,0.00039879449999999996
300815.XSHE,4.024634739200001
300816.XSHE,2.7924734772
300820.XSHE,0.18433008
300821.XSHE,0.0535043
300825.XSHE,8.0408152729
300829.XSHE,1.4707351119999998
300832.XSHE,1.6192887348
300833.XSHE,0.4303213295
300839.XSHE,0.22419594
300841.XSHE,0.403260684
300842.XSHE,0.0467532
300850.XSHE,24.364308248000004
300854.XSHE,0.0020602544
300855.XSHE,1.3043229064
300857.XSHE,0.743598345
300861.XSHE,5.042967504000001
300866.XSHE,5.2247793753
300869.XSHE,0.18891264
300870.XSHE,5.5593596522
300871.XSHE,2.0657183079999997
300873.XSHE,1.4214685875
300881.XSHE,0.0001791978
300882.XSHE,0.000199628
300886.XSHE,0.0001238826
300887.XSHE,4.183730884
300889.XSHE,0.000232794
300892.XSHE,0.0002495872
300893.XSHE,0.00018480959999999999
300894.XSHE,0.885328835
300895.XSHE,0.000231268
300896.XSHE,28.5652770279
300898.XSHE,0.0003596992
300900.XSHE,0.0006996983999999999
300902.XSHE,0.0002596312
300907.XSHE,0.0005566264
300908.XSHE,0.033527662800000003
300910.XSHE,0.00037150000000000003
300911.XSHE,1.9877599295
300915.XSHE,0.0063811200000000005
300917.XSHE,0.1716997275
300919.XSHE,0.0721512127
300957.XSHE,34.53480708
300958.XSHE,8.097e-05
300960.XSHE,5.30946e-05
300961.XSHE,0.00035757799999999994
300962.XSHE,0.00043190369999999994
300963.XSHE,7.68345e-05
300966.XSHE,0.0003638573
300967.XSHE,0.00072471
300968.XSHE,0.00030119040000000004
300973.XSHE,3.1420882349999997
300977.XSHE,0.462919725
300979.XSHE,33.1142435144
300981.XSHE,0.0037449676000000003
300982.XSHE,0.30888687790000013
300985.XSHE,9.0978e-05
300986.XSHE,1.2996872382000002
300987.XSHE,0.00026686980000000004
300991.XSHE,0.00014406950000000001
300993.XSHE,0.000131802
300994.XSHE,0.17707353120000002
300995.XSHE,0.0001036366
300996.XSHE,0.0001112838
300997.XSHE,0.0002138288
300998.XSHE,4.677270000000001e-05
300999.XSHE,2.0220447456
301002.XSHE,0.6758648483999999
301004.XSHE,0.00010293209999999999
301006.XSHE,0.019577550999999995
301007.XSHE,3.7683000000000005e-05
301009.XSHE,0.00034368150000000004
301011.XSHE,0.045806919
301012.XSHE,0.00017861340000000005
301013.XSHE,0.0010390098
301015.XSHE,0.0004200744
301018.XSHE,0.0001160488
301020.XSHE,0.0001025977
301021.XSHE,4.1904200000000004e-05
301029.XSHE,0.5798644383
301030.XSHE,4.76498e-05
301031.XSHE,0.0013418
301032.XSHE,4.9694399999999996e-05
301033.XSHE,4.57596e-05
301035.XSHE,9.318226209799999
301039.XSHE,0.0045630912
301046.XSHE,0.00034452
301047.XSHE,0.10302431000000001
301050.XSHE,1.6024877482
301057.XSHE,0.0008236334
301058.XSHE,0.0033370296000000007
301060.XSHE,0.0013466895
301062.XSHE,0.0015144728
,0.0020530492
,0.0008319983999999999
,0.022706620999999993
,0.0016093376000000002
,0.025225805300000004
,0.7562886393000001
600000.XSHG,10.21530141
600004.XSHG,0.4373568576
600007.XSHG,0.3545140464
600008.XSHG,2.0080052230000005
600009.XSHG,2.6098304850000003
600010.XSHG,10.0938646114
600011.XSHG,18.888269725300002
600016.XSHG,12.4530605818
600018.XSHG,1.0159886709000001
600019.XSHG,23.803790817000003
600023.XSHG,0.2907234804
600025.XSHG,23.369707096400003
600026.XSHG,25.340813759499998
600027.XSHG,1.8187112988
600028.XSHG,6.540170884000001
600029.XSHG,26.679137768399997
600030.XSHG,96.09382938880002
600031.XSHG,53.78967448319999
600032.XSHG,0.000420214
600033.XSHG,0.08871592
600035.XSHG,0.00114202
600036.XSHG,594.5425215045001
600038.XSHG,10.291080727999999
600039.XSHG,3.4837419172
600048.XSHG,154.3888303209
600050.XSHG,1.7038769460000003
600054.XSHG,0.3636860840000001
600057.XSHG,1.7173404672
600059.XSHG,0.1162190266
600060.XSHG,6.001829379
600061.XSHG,0.5632
600062.XSHG,0.05695744
600066.XSHG,2.6336922634
600073.XSHG,6.059693689200001
600075.XSHG,2.5991416800000002
600079.XSHG,9.883609054400003
600085.XSHG,1.007899424
600089.XSHG,59.2525438475
600096.XSHG,8.470926008
600097.XSHG,0.1696203
600098.XSHG,0.9730689408
600100.XSHG,0.0037084
600104.XSHG,12.383941352399997
600109.XSHG,0.11635838
600110.XSHG,76.89115355349999
600111.XSHG,93.58232510990001
600115.XSHG,32.934094257000005
600116.XSHG,1.5762703416
600121.XSHG,0.1036503
600123.XSHG,19.4940715308
600131.XSHG,1.8322036128
600132.XSHG,72.2309578254
600138.XSHG,2.8494897082999997
600141.XSHG,58.9983312785
600150.XSHG,16.613054217
600151.XSHG,0.00647814
600153.XSHG,5.9195891788
600157.XSHG,0.0231636
600158.XSHG,0.2293873805
600160.XSHG,0.886550865
600161.XSHG,7.619629265300001
600163.XSHG,0.704969255
600165.XSHG,0.43133648
600166.XSHG,2.9742293711000003
600170.XSHG,3.22155081
600171.XSHG,6.1948440068
600172.XSHG,6.191838923600001
600176.XSHG,59.353971157199986
600177.XSHG,0.0580734462
600183.XSHG,12.245153067599999
600187.XSHG,0.07991
600188.XSHG,67.2907556971
600195.XSHG,2.6834550864000004
600196.XSHG,10.417577377999999
600197.XSHG,0.7926650000000001
600201.XSHG,14.401324700800002
600202.XSHG,0.6277278784
600208.XSHG,0.2381152048
600210.XSHG,9.481571046000001
600216.XSHG,5.769389127999999
600219.XSHG,33.9474466591
600223.XSHG,0.23590028000000002
600233.XSHG,5.548242385
600236.XSHG,0.7705117223999998
600248.XSHG,1.5903169995
600256.XSHG,84.02847990600002
600258.XSHG,21.738966904
600259.XSHG,0.16218
600260.XSHG,0.0001536
600276.XSHG,102.1575567779
600279.XSHG,0.0405284244
600282.XSHG,3.4361244032
600285.XSHG,4.469310108
600295.XSHG,11.0670521676
600297.XSHG,9.5830109658
600298.XSHG,27.053925076299997
600305.XSHG,0.01899744
600307.XSHG,1.10122375
600308.XSHG,0.00116388
600309.XSHG,232.2708423675
600312.XSHG,0.8240031800000001
600313.XSHG,0.44171195
600315.XSHG,4.1834193575
600316.XSHG,12.874571108
600320.XSHG,0.48467952000000003
600323.XSHG,27.361154335000002
600325.XSHG,0.1888309612
600327.XSHG,4.2828269088
600328.XSHG,6.703105885499999
600329.XSHG,0.8761792214
600332.XSHG,0.9948193268000001
600338.XSHG,8.09420881
600340.XSHG,0.9280983798000001
600346.XSHG,86.109268232
600348.XSHG,10.9925466189
600350.XSHG,6.7264896674
600352.XSHG,2.7400583808
600361.XSHG,0.0151656
600362.XSHG,0.4205897
600369.XSHG,0.12205746
600371.XSHG,0.43728561600000004
600372.XSHG,9.8299355216
600373.XSHG,1.4696246394
600377.XSHG,2.1772210176
600378.XSHG,2.0003767952000002
600380.XSHG,0.523551694
600383.XSHG,32.804823744000004
600388.XSHG,0.0491576
600389.XSHG,0.8069057784000001
600390.XSHG,0.036593640000000004
600391.XSHG,3.081530041
600392.XSHG,3.125247294
600395.XSHG,0.6972382112000001
600398.XSHG,6.9027170695999995
600399.XSHG,117.27610542180001
600406.XSHG,27.64733056470001
600409.XSHG,1.1625821986
600416.XSHG,4.4807727887999995
600418.XSHG,8.93507868
600426.XSHG,62.39220062610003
600429.XSHG,0.07175512
600435.XSHG,2.9794122080000003
600436.XSHG,69.491992146
600438.XSHG,324.24369886399995
600452.XSHG,0.0914903
600455.XSHG,0.52725016
600456.XSHG,2.6304203506
600459.XSHG,4.593676329
600460.XSHG,96.09592899220002
600461.XSHG,1.2383000982000003
600475.XSHG,0.0067662
600479.XSHG,0.081313694
600481.XSHG,0.06640885
600483.XSHG,3.4070862623999996
600486.XSHG,38.6093380455
600487.XSHG,14.130546294000002
600489.XSHG,3.8620403694
600496.XSHG,0.1022076
600497.XSHG,0.00471861
600498.XSHG,0.2289534408
600499.XSHG,9.0186508288
600500.XSHG,1.8013322272
600507.XSHG,10.418025510899998
600516.XSHG,1.9970352359999999
600517.XSHG,0.00942818
600519.XSHG,1835.095881974
600521.XSHG,16.9390413993
600522.XSHG,0.6552
600528.XSHG,0.263864
600529.XSHG,4.815008606
600535.XSHG,0.29244572
600536.XSHG,0.17599032
600546.XSHG,6.564294576
600547.XSHG,4.7808777995
600548.XSHG,0.1554761408
600549.XSHG,3.7909873216000003
600550.XSHG,0.27094151
600556.XSHG,0.0093399
600559.XSHG,1.2943911296
600563.XSHG,89.07307086759998
600566.XSHG,0.34772407879999995
600567.XSHG,0.7573431312000001
600569.XSHG,0.01706546
600570.XSHG,109.25596479360007
600571.XSHG,0.45487282079999997
600575.XSHG,0.10935036000000001
600577.XSHG,11.492648643399999
600580.XSHG,0.2222336523
600581.XSHG,2.4740745310000003
600582.XSHG,3.3308184
600583.XSHG,3.1093815580000004
600584.XSHG,3.54761818
600585.XSHG,18.802249559999996
600586.XSHG,0.537769374
600588.XSHG,38.85984443289999
600596.XSHG,17.228519406900002
600597.XSHG,0.7907154000000001
600600.XSHG,81.1804303411
600606.XSHG,1.629184594
600612.XSHG,12.734688564
600618.XSHG,0.04842755
600619.XSHG,0.7965740818000001
600623.XSHG,1.08322632
600629.XSHG,0.0393898925
600637.XSHG,0.6748750975
600641.XSHG,17.131506562000002
600642.XSHG,0.32690592
600643.XSHG,0.075145
600660.XSHG,93.5464147625
600673.XSHG,4.3011347524
600674.XSHG,15.709416060299997
600675.XSHG,0.01365
600681.XSHG,0.0250328
600685.XSHG,0.07423648000000001
600688.XSHG,0.10582075
600690.XSHG,128.9346383045
600691.XSHG,1.260273784
600699.XSHG,0.10983712
600702.XSHG,33.7388664
600703.XSHG,155.9195620563
600704.XSHG,0.1581049368
600706.XSHG,0.039986640000000004
600707.XSHG,0.16327116
600711.XSHG,10.860068735999999
600717.XSHG,0.00824585
600729.XSHG,0.48695550090000006
600732.XSHG,0.2721572
600733.XSHG,3.4458851660000005
600739.XSHG,0.15155426
600740.XSHG,1.0401393915000001
600741.XSHG,39.000950472400014
600745.XSHG,67.98709302910002
600750.XSHG,0.1508564522
600754.XSHG,55.936989378
600755.XSHG,0.0695448
600757.XSHG,0.18511306079999998
600760.XSHG,87.31057850760003
600761.XSHG,0.13178881779999999
600763.XSHG,256.04158361340006
600764.XSHG,0.17691986
600765.XSHG,32.4354440614
600773.XSHG,0.95637476
600779.XSHG,56.3861487975
600782.XSHG,10.0472090549
600791.XSHG,0.02409372
600795.XSHG,0.26925015
600801.XSHG,11.578297564000001
600803.XSHG,7.490345346800001
600804.XSHG,0.01488032
600808.XSHG,10.664634898500001
600809.XSHG,587.092499155
600810.XSHG,0.1338204
600820.XSHG,1.0285687705
600821.XSHG,1.619622624
600823.XSHG,0.03752754
600827.XSHG,0.19790745
600837.XSHG,24.719003280799996
600845.XSHG,61.97220876
600848.XSHG,1.0122184520000002
600859.XSHG,1.940108544
600862.XSHG,64.4899181079
600863.XSHG,1.7881494957
600867.XSHG,0.2744931
600869.XSHG,0.39428976
600872.XSHG,0.476578
600873.XSHG,0.9529518431999999
600874.XSHG,0.00836496
600875.XSHG,20.30676153
600876.XSHG,0.10411100000000001
600881.XSHG,0.46350716960000005
600882.XSHG,14.945822932500002
600884.XSHG,61.47106615620001
600885.XSHG,64.33465297180003
600886.XSHG,12.6864556146
600887.XSHG,354.01547896100016
600888.XSHG,12.752210432
600893.XSHG,63.43005901500001
600900.XSHG,87.5875429
600901.XSHG,0.3253017232
600905.XSHG,82.96952387400006
600906.XSHG,0.000594088
600908.XSHG,0.26519994
600919.XSHG,29.443444008399997
600926.XSHG,87.31651137179999
600929.XSHG,0.028640000000000002
600933.XSHG,0.19715393920000002
600939.XSHG,0.0396571
600955.XSHG,0.0080269618
600956.XSHG,0.10101174
600958.XSHG,69.75320354
600966.XSHG,5.8832253188
600967.XSHG,4.8946139731
600970.XSHG,21.686337306
600971.XSHG,0.00192465
600976.XSHG,1.0115188378
600977.XSHG,1.8405488898
600984.XSHG,4.691902887
600985.XSHG,10.612704141600002
600986.XSHG,0.12453882000000001
600987.XSHG,3.1579293182
600988.XSHG,16.9338210545
600989.XSHG,4.4214171
600990.XSHG,0.00023040000000000002
600993.XSHG,0.4130204616
600997.XSHG,0.02792358
600998.XSHG,1.4486800104
600999.XSHG,10.0732787472
601000.XSHG,0.15593854000000001
601001.XSHG,4.4274620523
601002.XSHG,0.0053954
601003.XSHG,3.95751912
601005.XSHG,1.1859168299
601006.XSHG,5.9486757072000005
601009.XSHG,28.719206402999998
601012.XSHG,759.1866662055994
601016.XSHG,4.106463800399999
601019.XSHG,0.023058000000000002
601021.XSHG,80.4558039024
601058.XSHG,81.9049693644
601066.XSHG,3.164314809
601069.XSHG,2.36051296
601077.XSHG,0.42138076
601088.XSHG,44.6893638158
601098.XSHG,7.207764838399999
601100.XSHG,33.882151711000006
601101.XSHG,3.4602842055000003
601106.XSHG,0.1215290178
601108.XSHG,0.4516418
601111.XSHG,42.740180003999996
601117.XSHG,16.4421500124
601118.XSHG,0.1043835
601126.XSHG,1.30832028
601127.XSHG,46.282486157600005
601128.XSHG,6.193335461799999
601137.XSHG,0.38651184
601138.XSHG,0.43800428
601139.XSHG,0.11376475
601155.XSHG,11.7366763728
601156.XSHG,0.11808
601158.XSHG,0.05278116
601166.XSHG,172.82413070699997
601168.XSHG,3.1564954486000003
601169.XSHG,1.1235985088
601179.XSHG,0.1305664
601186.XSHG,9.459707349
601208.XSHG,14.376110061599999
601211.XSHG,19.125054413499996
601216.XSHG,0.02483624
601222.XSHG,7.229837235999999
601225.XSHG,63.746990384
601229.XSHG,6.032391899099999
601233.XSHG,95.153078354
601238.XSHG,8.182081819600002
601279.XSHG,0.00041803440000000004
601288.XSHG,24.1895163576
601311.XSHG,2.2627359616
601318.XSHG,94.19534623800001
601328.XSHG,12.554355665000001
601330.XSHG,0.3008875968
601333.XSHG,0.0972947
601336.XSHG,1.1775590703999999
601339.XSHG,0.39600556210000004
601360.XSHG,2.41373385
601369.XSHG,0.4326023
601377.XSHG,11.9353111992
601388.XSHG,0.17297328
601390.XSHG,13.9999977744
601398.XSHG,36.1666572568
601456.XSHG,0.03601478
601528.XSHG,0.7690871354000001
601555.XSHG,0.5635236421
601566.XSHG,0.0635232
601567.XSHG,14.340403847500003
601577.XSHG,0.5375144988
601595.XSHG,0.0725112
601598.XSHG,4.1302152528
601600.XSHG,18.5919028
601601.XSHG,30.701205546399994
601607.XSHG,3.1152985005
601611.XSHG,0.34256196
601615.XSHG,13.749054613500004
601618.XSHG,4.497204
601628.XSHG,0.633801598
601633.XSHG,86.44088222799999
601636.XSHG,13.0045752561
601658.XSHG,45.58271935
601666.XSHG,8.4715718604
601668.XSHG,65.51160076800001
601669.XSHG,42.5075416612
601677.XSHG,65.29623502499999
601678.XSHG,4.6601772914
601688.XSHG,58.919729905900006
601689.XSHG,8.0148657648
601696.XSHG,0.010514
601699.XSHG,16.9412851793
601702.XSHG,2.01784077
601717.XSHG,0.47453198
601728.XSHG,3.0662945332999945
601766.XSHG,4.102646063400001
601778.XSHG,3.1798808102
601788.XSHG,0.25844497980000003
601799.XSHG,54.77931738
601800.XSHG,5.380671136800001
601808.XSHG,5.776444618000001
601816.XSHG,4.1905522512
601818.XSHG,8.498829089700001
601825.XSHG,0.0027329481
601827.XSHG,0.4358193
601838.XSHG,30.512935072399998
601857.XSHG,19.858991507099997
601865.XSHG,44.921669646
601866.XSHG,0.4187703
,10.1463952908
601869.XSHG,0.4766846
601872.XSHG,2.0186026041000003
601877.XSHG,163.319110346
601878.XSHG,1.697942095
601881.XSHG,1.1804988496000002
601888.XSHG,546.376410636
601898.XSHG,26.617585953200003
601899.XSHG,146.68181641300004
601901.XSHG,0.25344094
601908.XSHG,1.219743932
601916.XSHG,0.1816198815
601919.XSHG,12.943719446400003
601921.XSHG,0.0003594672
601928.XSHG,7.885545231600001
601939.XSHG,21.640198671
601952.XSHG,0.7353848889
601958.XSHG,0.0187248
601965.XSHG,1.174709032
601966.XSHG,37.954024433
601968.XSHG,1.8196904538
601969.XSHG,0.00145266
601985.XSHG,10.5356092555
601988.XSHG,10.477076187999998
601989.XSHG,3.4557865587000003
601991.XSHG,0.04409238
601992.XSHG,0.5751296376
601995.XSHG,2.1537344788
601998.XSHG,0.1346109264
603003.XSHG,0.161084
603005.XSHG,0.262261826
603008.XSHG,1.856468935
603010.XSHG,0.22682586000000002
603018.XSHG,0.29734549
603019.XSHG,0.2629159236
603020.XSHG,0.1260791
603026.XSHG,37.8093205275
603027.XSHG,1.5505431825
603032.XSHG,0.16260057
603039.XSHG,2.6872024102
603043.XSHG,0.27695593799999996
603055.XSHG,9.479001987
603063.XSHG,13.433447430000001
603066.XSHG,0.00767602
603067.XSHG,2.930385852
603068.XSHG,2.3922638544
603069.XSHG,0.21485790000000002
603076.XSHG,0.02072232
603077.XSHG,6.36798336
603096.XSHG,2.4320155860000003
603098.XSHG,21.223881385000002
603100.XSHG,0.39331865
603103.XSHG,0.0657216
603105.XSHG,1.6312764
603108.XSHG,5.9332464477
603111.XSHG,0.04605744
603113.XSHG,2.201795981
603127.XSHG,57.82846768
603128.XSHG,11.614080206399999
603129.XSHG,32.134815667599995
603131.XSHG,2.142736228
603136.XSHG,0.08578395
603155.XSHG,0.0227556
603156.XSHG,1.5293540294
603158.XSHG,1.363549096
603160.XSHG,2.0743865184
603161.XSHG,0.21451994850000003
603166.XSHG,0.33634458
603171.XSHG,0.00045354399999999995
603177.XSHG,0.18641686600000001
603179.XSHG,14.715093492000003
603180.XSHG,1.3588174224
603181.XSHG,4.5732334025
603185.XSHG,34.86675296
603186.XSHG,0.118120321
603187.XSHG,17.595344386
603189.XSHG,1.3675888740000002
603195.XSHG,3.65292615
603198.XSHG,18.4696163435
603203.XSHG,0.3768533472
603208.XSHG,3.5252269538
603212.XSHG,0.063384448
603217.XSHG,0.017320000000000002
603218.XSHG,28.871880386
603220.XSHG,0.01614432
603223.XSHG,0.5740631364000001
603225.XSHG,33.510712018
603228.XSHG,1.7636007751
603229.XSHG,0.034326528
603233.XSHG,3.8049760044
603236.XSHG,23.600611297600008
603259.XSHG,1139.1220691040005
603260.XSHG,49.650446350500005
603267.XSHG,86.15325536
603269.XSHG,0.01335852
603277.XSHG,0.254894255
603279.XSHG,3.6025278604000004
603288.XSHG,45.3436797
603290.XSHG,52.11693619140001
603297.XSHG,0.38659
603300.XSHG,0.207753
603305.XSHG,0.080802
603308.XSHG,15.410353982
603323.XSHG,7.763936387999999
603324.XSHG,0.0049088000000000005
603331.XSHG,0.01717344
603337.XSHG,3.8296494450000003
603338.XSHG,18.61266693
603345.XSHG,81.99120332240001
603348.XSHG,1.51077402
603351.XSHG,0.1417788792
603363.XSHG,0.3810397749
603368.XSHG,4.5391367721
603369.XSHG,44.259445863
603379.XSHG,0.24239046800000003
603383.XSHG,0.134323
603392.XSHG,27.26908584
603393.XSHG,1.8596599961999998
603396.XSHG,1.0848366816
603429.XSHG,11.112262413600002
603444.XSHG,51.404417825600014
603456.XSHG,104.65916676810004
603486.XSHG,54.69115014800001
603489.XSHG,2.817024
603496.XSHG,0.3864991
603501.XSHG,202.2748545700999
603505.XSHG,2.1950950104999998
603507.XSHG,0.60294401
603515.XSHG,0.08860482
603516.XSHG,0.23226016
603517.XSHG,58.889612048
603518.XSHG,2.5343427375
603520.XSHG,1.7516729438
603529.XSHG,0.6401847114
603538.XSHG,1.4765535904
603558.XSHG,1.641138468
603565.XSHG,3.8648890704
603566.XSHG,0.8928369140000001
603568.XSHG,0.09428160000000001
603583.XSHG,0.9977577742
603587.XSHG,0.807411341
603588.XSHG,18.98647839
603589.XSHG,2.2880181152000003
603596.XSHG,31.5809564425
603599.XSHG,15.881229672000002
603600.XSHG,1.434946741
603601.XSHG,1.370554104
603605.XSHG,7.891989295
603606.XSHG,1.6209209359999999
603612.XSHG,3.0907521825
603613.XSHG,59.18897250719999
603619.XSHG,0.2564226
603626.XSHG,0.40238873070000003
603639.XSHG,1.2560690827999998
603650.XSHG,1.8079220955000002
603657.XSHG,0.15888
603658.XSHG,1.666554552
603659.XSHG,183.66511128
603662.XSHG,4.8496933248000005
603666.XSHG,2.8480779465000006
603667.XSHG,3.5702094339999997
603668.XSHG,0.00814583
603678.XSHG,68.175539569
603679.XSHG,0.0142786
603681.XSHG,0.335024397
603688.XSHG,3.277039863
603690.XSHG,6.7493083014
603693.XSHG,0.46036732
603696.XSHG,0.2233224
603699.XSHG,1.779344541
603707.XSHG,19.1341008
603708.XSHG,11.9057223168
603711.XSHG,0.22340522399999999
603712.XSHG,40.67611523400001
603713.XSHG,3.9252330783
603718.XSHG,0.01098865
603719.XSHG,0.1472631732
603725.XSHG,0.06952792000000001
603726.XSHG,0.04946623640000001
603727.XSHG,2.0575995288
603728.XSHG,0.10172464800000001
603730.XSHG,2.1657400644
603733.XSHG,11.636063069999999
603737.XSHG,5.78074
603738.XSHG,1.67519402
603755.XSHG,0.0321436
603759.XSHG,0.0006498033
603787.XSHG,0.1743
603799.XSHG,321.62746297
603801.XSHG,1.2721489935999999
603806.XSHG,134.17865810799995
603809.XSHG,0.28859068800000004
603816.XSHG,29.73796668
603817.XSHG,0.04053735
603818.XSHG,0.08885896
603826.XSHG,3.6347454976
603833.XSHG,42.2197706977
603855.XSHG,2.9381627519999998
603859.XSHG,0.8023710000000001
603866.XSHG,4.1913838215
603868.XSHG,0.7181877157
603869.XSHG,0.01568726
603876.XSHG,2.88511632
603877.XSHG,11.884196476999998
603882.XSHG,43.5249798246
603883.XSHG,12.130108847999999
603885.XSHG,70.31182243260001
603886.XSHG,0.725744122
603889.XSHG,0.04526584
603893.XSHG,19.172752512200002
603896.XSHG,2.1393435280000004
603897.XSHG,4.694418505
603899.XSHG,17.138518332399997
603901.XSHG,5.9778847915
603906.XSHG,38.57285919630001
603908.XSHG,0.11333133000000001
603909.XSHG,0.6415947407999999
603915.XSHG,4.350237133399999
603916.XSHG,0.4052959008
603919.XSHG,0.10764981
603920.XSHG,1.1262784984
603936.XSHG,0.6710934653
603938.XSHG,4.0512923264
603939.XSHG,5.156400177600001
603960.XSHG,2.8888773706
603970.XSHG,0.40403184840000006
603979.XSHG,1.6182017432
603985.XSHG,1.2648628320000002
603986.XSHG,105.25148778469999
603987.XSHG,11.95115614
603989.XSHG,10.828735211000001
603992.XSHG,1.3559725894999999
603993.XSHG,39.9819200676
603995.XSHG,3.2445412160000004
603997.XSHG,8.4878382511
605011.XSHG,9.324000000000001e-05
605016.XSHG,0.000284444
605066.XSHG,4.84609104
605069.XSHG,3.9312e-05
605080.XSHG,6.94074996
605086.XSHG,0.0002102478
605089.XSHG,0.037395297
605090.XSHG,0.320349996
605098.XSHG,0.0003252406
605108.XSHG,0.0448719
605111.XSHG,0.8155405520000001
605117.XSHG,21.779167543999993
605122.XSHG,0.000300642
605123.XSHG,0.4772183
605168.XSHG,0.00241563
605186.XSHG,0.807752
605208.XSHG,0.00034971660000000007
605228.XSHG,0.0001038101
605266.XSHG,2.331840786
605277.XSHG,0.4599365832
605286.XSHG,0.000353424
605287.XSHG,0.00022028880000000002
605288.XSHG,0.331099776
605289.XSHG,0.00021860720000000002
605303.XSHG,0.00022484599999999998
605305.XSHG,4.080374144
605338.XSHG,0.56813336
605339.XSHG,0.2114270956
605358.XSHG,7.277609855999999
605369.XSHG,3.0363119335999995
605376.XSHG,0.12860472
605377.XSHG,0.12824424
605378.XSHG,0.0004345924
605389.XSHG,0.00058829
605499.XSHG,6.846462546000001
605507.XSHG,0.0013375856
,0.005156954000000005
605580.XSHG,3.99861e-05
605589.XSHG,5.2425e-05
605598.XSHG,0.0001660106
605599.XSHG,0.0001312146
688002.XSHG,39.477354299
688003.XSHG,0.002611
688005.XSHG,63.516084766399985
688006.XSHG,25.374086797500002
688007.XSHG,0.7560306060000002
688008.XSHG,41.93290759579999
688009.XSHG,0.1325711844
688011.XSHG,0.277721202
688012.XSHG,61.8475293228
688015.XSHG,1.4249823769999999
688016.XSHG,5.37741988
688017.XSHG,0.5515644575
688018.XSHG,14.4381556587
688019.XSHG,4.0803715372000005
688020.XSHG,3.3102552711000004
688021.XSHG,1.5659424918
688023.XSHG,33.8655139
688025.XSHG,0.15427217699999998
688026.XSHG,0.7148555574000001
688028.XSHG,0.019847197000000004
688029.XSHG,26.538508846
688033.XSHG,12.953035101999998
688036.XSHG,55.36260801
688037.XSHG,25.912085381999997
688038.XSHG,0.0008852064000000001
688039.XSHG,0.0626455704
688050.XSHG,12.103678224000006
688056.XSHG,0.4010785516
688058.XSHG,0.42666185379999993
688059.XSHG,0.6050819940000001
688063.XSHG,0.030642105
688065.XSHG,0.3418221265
688066.XSHG,1.4078481748000002
688070.XSHG,0.025571483399999997
688076.XSHG,1.5988539684999996
688078.XSHG,1.2179135312
688079.XSHG,0.0017048310000000002
688083.XSHG,3.39852247
688085.XSHG,0.024461955
688087.XSHG,0.014951938199999999
688088.XSHG,0.981818162
688089.XSHG,2.34200252
688091.XSHG,0.0033032019000000003
688093.XSHG,0.4264230168
688097.XSHG,0.0249728442
688099.XSHG,75.086015658
688100.XSHG,1.142370716
688101.XSHG,0.0246062115
688103.XSHG,1.387908916
688106.XSHG,1.7867360106
688109.XSHG,0.000279136
688111.XSHG,73.81034479680001
688113.XSHG,0.0007432995
688116.XSHG,99.96654281280004
688117.XSHG,0.0027763560000000002
688118.XSHG,0.1733282716
688121.XSHG,0.010319827499999998
688122.XSHG,23.860098100000005
688126.XSHG,29.251922145
688128.XSHG,0.00023384
688131.XSHG,3.6465448393
688133.XSHG,1.159905663
688139.XSHG,11.351673965
688148.XSHG,0.03925291660000001
688155.XSHG,0.9788688
688157.XSHG,1.0260083697
688158.XSHG,6.50039
688161.XSHG,0.0334235936
688169.XSHG,49.0413913731
688177.XSHG,0.0021452100000000003
688179.XSHG,0.023659113
688180.XSHG,0.093593
688183.XSHG,0.00683296
688185.XSHG,3.3628092125999998
688186.XSHG,6.358746685800001
688187.XSHG,1.9365790214999998
688188.XSHG,32.5838957752
688191.XSHG,0.11839052759999998
688195.XSHG,0.001047577
688198.XSHG,28.2422912
688200.XSHG,26.98532339
688201.XSHG,0.0049432176
688202.XSHG,134.7286387948
688208.XSHG,29.511952119999997
688216.XSHG,0.00296542
688217.XSHG,0.002561728
688226.XSHG,0.0003075406
688233.XSHG,0.6382637752
688239.XSHG,0.0228930834
688260.XSHG,0.002029612
688266.XSHG,1.003195411
688268.XSHG,3.113864182
688269.XSHG,0.037400947200000006
688276.XSHG,5.743548872399999
688277.XSHG,0.0262908495
688278.XSHG,0.12695523720000002
688286.XSHG,0.36507759920000005
688296.XSHG,0.006135676000000001
688298.XSHG,0.01439892
688299.XSHG,2.3913855545
688300.XSHG,0.54293843
688301.XSHG,17.597255664000002
688303.XSHG,9.737030158999998
688305.XSHG,0.021200255499999994
688308.XSHG,0.28266
688310.XSHG,0.6418019944
688311.XSHG,0.0625412178
688314.XSHG,0.0050157380000000005
688315.XSHG,0.024639666
688316.XSHG,0.0007736608000000001
688317.XSHG,0.0017628975
688319.XSHG,0.030949692400000003
688323.XSHG,0.016590579200000007
688330.XSHG,0.56906382
688333.XSHG,0.043976100000000004
688339.XSHG,2.9653930969999993
688345.XSHG,0.013983476600000001
688355.XSHG,0.001269364
688356.XSHG,13.6560045
688357.XSHG,10.5049326704
688358.XSHG,1.219409451
688359.XSHG,1.3819685859000002
688363.XSHG,4.906126049
688366.XSHG,0.3714724058
688367.XSHG,0.1516371786
688368.XSHG,5.772655395
688369.XSHG,6.5087658825000005
688383.XSHG,4.127834111200002
688385.XSHG,0.2158813351999999
688388.XSHG,71.5200681548
688389.XSHG,1.5964591995000001
688390.XSHG,20.786843594100002
688395.XSHG,0.0008766275999999999
688396.XSHG,0.9158585355
688398.XSHG,0.046046431799999996
688399.XSHG,0.0159572
688408.XSHG,21.266806266999996
688425.XSHG,0.07033891839999999
688456.XSHG,0.0026615490000000005
688468.XSHG,0.0019175667
688499.XSHG,2.1273921881999995
688501.XSHG,0.00023447470000000003
688508.XSHG,4.036017294
688509.XSHG,0.0042224687999999995
688510.XSHG,2.4082490119999997
688511.XSHG,0.0030918264000000003
688516.XSHG,9.645801400400003
688517.XSHG,0.00039987199999999996
688518.XSHG,5.105653702200001
688519.XSHG,0.0713256
688521.XSHG,7.582053156800001
688526.XSHG,0.4728642510000001
688533.XSHG,0.0011254446000000002
688536.XSHG,49.37303380460002
688538.XSHG,0.083694213
688551.XSHG,0.8866266213999999
688556.XSHG,2.95738618
688559.XSHG,0.6962886384000001
688561.XSHG,2.8182805751999997
688565.XSHG,0.0003866016
688567.XSHG,0.015732378
688568.XSHG,0.08500968
688575.XSHG,0.010381970399999997
688580.XSHG,4.5142623454
688595.XSHG,0.6858202
688596.XSHG,0.43070778
688597.XSHG,0.00047743540000000004
688598.XSHG,11.939585255399997
688599.XSHG,94.3737783456
688600.XSHG,0.0035213920000000004
688601.XSHG,0.5631823179999997
688606.XSHG,0.004060084
688607.XSHG,0.573771654
688608.XSHG,4.960721025
688609.XSHG,0.0027610264000000003
688611.XSHG,0.01156964
688613.XSHG,0.0202663553
688617.XSHG,10.91738896
688621.XSHG,1.4437270413
688622.XSHG,0.0035881082
688625.XSHG,0.014180443199999998
688626.XSHG,2.668254915
688630.XSHG,0.028919
688636.XSHG,0.7077505149999999
688639.XSHG,2.4025555989
688655.XSHG,0.0015732549
688656.XSHG,0.0040784508
688659.XSHG,0.0018491781999999998
688660.XSHG,0.1028644012
688661.XSHG,1.1935185381
688662.XSHG,0.010780549199999998
688663.XSHG,0.0092864559
688665.XSHG,2.7398237152
688670.XSHG,0.10040619239999997
688676.XSHG,0.0008141250000000001
688677.XSHG,4.4880327
688678.XSHG,0.003979704000000001
688680.XSHG,3.1055634100000002
688682.XSHG,0.5335906324000003
688683.XSHG,0.0041865792
688685.XSHG,0.0050317568
688686.XSHG,0.026352300000000002
688687.XSHG,0.0011520804
688689.XSHG,0.0003719
688690.XSHG,0.21157161130000002
688696.XSHG,8.19527372
688697.XSHG,0.008264024600000001
688699.XSHG,2.3038342770000004
688700.XSHG,2.112184621
688701.XSHG,0.000985608
688707.XSHG,0.0429670451
688711.XSHG,0.1012153332
688718.XSHG,0.0034718059000000004
688728.XSHG,0.061161052099999995
688733.XSHG,2.8876293137999984
688766.XSHG,0.036975609099999994
688767.XSHG,0.0109152228
688768.XSHG,1.1475407785
,0.22534248750000044
688776.XSHG,1.0191394196000008
688777.XSHG,1.5260943336000001
688778.XSHG,1.7720255462
688779.XSHG,1.7393960796999994
688786.XSHG,0.002865609
688787.XSHG,0.0010116094
688789.XSHG,2.1919976775
688793.XSHG,0.23544189689999998
688798.XSHG,23.346999484799994
688799.XSHG,0.0017008607
688800.XSHG,0.07072682920000001
688819.XSHG,0.00115185
688981.XSHG,102.349562448
689009.XSHG,7.572258607
,5.924156358600001
,1.9138626945
,1.80205956
